Workbook

Sheet raw enso data full
A1: Year | B1: ENSO | C1: IOD
A2: 1900 | B2: El Niño | C2: Neutral
A3: 1901 | B3: Neutral | C3: Positive
A4: 1902 | B4: Neutral | C4: Negative
A5: 1903 | B5: El Niño | C5: Negative
A6: 1904 | B6: La Niña | C6: Neutral
A7: 1905 | B7: Neutral | C7: Negative
A8: 1906 | B8: El Niño | C8: Neutral
A9: 1907 | B9: Neutral | C9: Positive
A10: 1908 | B10: Neutral | C10: Negative
A11: 1909 | B11: La Niña | C11: Neutral
A12: 1910 | B12: La Niña | C12: Positive
A13: 1911 | B13: La Niña | C13: Negative
... A125: 2023 | B125: El Niño | C125: Negative

Sheet ENSO
A1: El Niño
A2: 1900 | B2: El Niño | C2: Neutral | D2: El Niño IDO | E2: Positive | F2: 1919 | G2: 1931 | H2: 1958 | I2: 1973 | J2: 1980 | K2: 1983 | L2: 1992 | M2: 1995 | N2: 1998 | O2: 2007 | P2: 2010 | Q2: 2016
A3: 1903 | B3: El Niño | C3: Negative | E3: Negative | F3: 1903 | G3: 1926 | H3: 1941 | I3: 1978 | J3: 1987 | K3: 2023
A4: 1906 | B4: El Niño | C4: Neutral | E4: Neutral | F4: 1900 | G4: 1906 | H4: 1915 | I4: 1942 | J4: 1966 | K4: 1988 | L4: 2003 | M4: 2015
A5: 1915 | B5: El Niño | C5: Neutral
A6: 1919 | B6: El Niño | C6: Positive | D6: La Niña IDO | E6: Positive | F6: 1910 | G6: 1925 | H6: 1934 | I6: 1955 | J6: 1989 | K6: 2022
A7: 1926 | B7: El Niño | C7: Negative | E7: Negative | F7: 1911 | G7: 1917 | H7: 1950 | I7: 1956 | J7: 1962 | K7: 1971 | L7: 1974 | M7: 1999 | N7: 2008 | O7: 2011 | P7: 2017 | Q7: 2020
A8: 1931 | B8: El Niño | C8: Positive | E8: Neutral | F8: 1904 | G8: 1909 | H8: 1918 | I8: 1939 | J8: 1951 | K8: 1976 | L8: 2000 | M8: 2012 | N8: 2021
A9: 1941 | B9: El Niño | C9: Negative
A10: 1942 | B10: El Niño | C10: Neutral
A11: 1958 | B11: El Niño | C11: Positive | D11: Neutral IDO | E11: Positive | F11: 1901 | G11: 1907 | H11: 1913 | I11: 1916 | J11: 1922 | K11: 1928 | L11: 1937 | M11: 1940 | N11: 1946 | O11: 1949 | P11: 1952 | Q11: 1961 | R11: 1964 | S11: 1967 | T11: 1970 | U11: 1977 | V11: 1986 | W11: 2001 | X11: 2004 | Y11: 2013 | Z11: 2019
A12: 1966 | B12: El Niño | C12: Neutral | E12: Negative | F12: 1902 | G12: 1905 | H12: 1908 | I12: 1914 | J12: 1920 | K12: 1923 | L12: 1929 | M12: 1932 | N12: 1935 | O12: 1938 | P12: 1944 | Q12: 1947 | R12: 1953 | S12: 1959 | T12: 1965 | U12: 1968 | V12: 1981 | W12: 1984 | X12: 1990 | Y12: 1993 | Z12: 1996 | AA12: 2002 | AB12: 2005 | AC12: 2014
A13: 1973 | B13: El Niño | C13: Positive | E13: Neutral | F13: 1912 | G13: 1921 | H13: 1924 | I13: 1927 | J13: 1930 | K13: 1933 | L13: 1936 | M13: 1945 | N13: 1948 | O13: 1954 | P13: 1957 | Q13: 1960 | R13: 1963 | S13: 1969 | T13: 1972 | U13: 1975 | V13: 1979 | W13: 1982 | X13: 1985 | Y13: 1991 | Z13: 1994 | AA13: 1997 | AB13: 2006 | AC13: 2009 | AD13: 2018
A14: 1978 | B14: El Niño | C14: Negative
A15: 1980 | B15: El Niño | C15: Positive
A16: 1983 | B16: El Niño | C16: Positive
A17: 1987 | B17: El Niño | C17: Negative
A18: 1988 | B18: El Niño | C18: Neutral
A19: 1992 | B19: El Niño | C19: Positive
A20: 1995 | B20: El Niño | C20: Positive
A21: 1998 | B21: El Niño | C21: Positive
A22: 2003 | B22: El Niño | C22: Neutral
A23: 2007 | B23: El Niño | C23: Positive
A24: 2010 | B24: El Niño | C24: Positive
A25: 2015 | B25: El Niño | C25: Neutral
... A27: 2023 | B27: El Niño | C27: Negative
A30: La Niña
A31: 1904 | B31: La Niña | C31: Neutral | F31: Positive | G31: 1910 | H31: 1925 | I31: 1934 | J31: 1955 | K31: 1989 | L31: 2022
A32: 1909 | B32: La Niña | C32: Neutral | F32: Negative | G32: 1911 | H32: 1917 | I32: 1950 | J32: 1956 | K32: 1962 | L32: 1971 | M32: 1974 | N32: 1999 | O32: 2008 | P32: 2011 | Q32: 2017 | R32: 2020
A33: 1910 | B33: La Niña | C33: Positive | F33: Neutral | G33: 1904 | H33: 1909 | I33: 1918 | J33: 1939 | K33: 1951 | L33: 1976 | M33: 2000 | N33: 2012 | O33: 2021
A34: 1911 | B34: La Niña | C34: Negative
A35: 1917 | B35: La Niña | C35: Negative
A36: 1918 | B36: La Niña | C36: Neutral
A37: 1925 | B37: La Niña | C37: Positive
A38: 1934 | B38: La Niña | C38: Positive
A39: 1939 | B39: La Niña | C39: Neutral
A40: 1950 | B40: La Niña | C40: Negative
A41: 1951 | B41: La Niña | C41: Neutral
A42: 1955 | B42: La Niña | C42: Positive
A43: 1956 | B43: La Niña | C43: Negative
A44: 1962 | B44: La Niña | C44: Negative
A45: 1971 | B45: La Niña | C45: Negative
... A57: 2022 | B57: La Niña | C57: Positive
A60: Neutral
A61: 1901 | B61: Neutral | C61: Positive | E61: Positive | F61: 1901 | G61: 1907 | H61: 1913 | I61: 1916 | J61: 1922 | K61: 1928 | L61: 1937 | M61: 1940 | N61: 1946 | O61: 1949 | P61: 1952 | Q61: 1961 | R61: 1964 | S61: 1967 | T61: 1970 | U61: 1977 | V61: 1986 | W61: 2001 | X61: 2004 | Y61: 2013 | Z61: 2019
A62: 1902 | B62: Neutral | C62: Negative | E62: Negative | F62: 1902 | G62: 1905 | H62: 1908 | I62: 1914 | J62: 1920 | K62: 1923 | L62: 1929 | M62: 1932 | N62: 1935 | O62: 1938 | P62: 1944 | Q62: 1947 | R62: 1953 | S62: 1959 | T62: 1965 | U62: 1968 | V62: 1981 | W62: 1984 | X62: 1990 | Y62: 1993 | Z62: 1996 | AA62: 2002 | AB62: 2005 | AC62: 2014
A63: 1905 | B63: Neutral | C63: Negative | E63: Neutral | F63: 1912 | G63: 1921 | H63: 1924 | I63: 1927 | J63: 1930 | K63: 1933 | L63: 1936 | M63: 1945 | N63: 1948 | O63: 1954 | P63: 1957 | Q63: 1960 | R63: 1963 | S63: 1969 | T63: 1972 | U63: 1975 | V63: 1979 | W63: 1982 | X63: 1985 | Y63: 1991 | Z63: 1994 | AA63: 1997 | AB63: 2006 | AC63: 2009 | AD63: 2018
A64: 1907 | B64: Neutral | C64: Positive
A65: 1908 | B65: Neutral | C65: Negative
A66: 1912 | B66: Neutral | C66: Neutral
A67: 1913 | B67: Neutral | C67: Positive
A68: 1914 | B68: Neutral | C68: Negative
A69: 1916 | B69: Neutral | C69: Positive
A70: 1920 | B70: Neutral | C70: Negative
A71: 1921 | B71: Neutral | C71: Neutral
A72: 1922 | B72: Neutral | C72: Positive
A73: 1923 | B73: Neutral | C73: Negative
A74: 1924 | B74: Neutral | C74: Neutral
A75: 1927 | B75: Neutral | C75: Neutral
... A130: 2019 | B130: Neutral | C130: Positive

Sheet data convert
A1: Location
A2: Bangalore rural
A3: Year | B3: 1951 | C3: 1952 | D3: 1953 | E3: 1954 | F3: 1955 | G3: 1956 | H3: 1957 | I3: 1958 | J3: 1959 | K3: 1960 | L3: 1961 | M3: 1962 | N3: 1963 | O3: 1964 | P3: 1965 | Q3: 1966 | R3: 1967 | S3: 1968 | T3: 1969 | U3: 1970 | V3: 1971 | W3: 1972 | X3: 1973 | Y3: 1974 | Z3: 1975 | AA3: 1976 | AB3: 1977 | AC3: 1978 | AD3: 1979 | AE3: 1980 | AF3: 1981 | AG3: 1982 | AH3: 1983 | AI3: 1984 | AJ3: 1985 | AK3: 1986 | AL3: 1987 | AM3: 1988 | AN3: 1989 | AO3: 1990 | AP3: 1991 | AQ3: 1992 | AR3: 1993 | AS3: 1994 | AT3: 1995 | AU3: 1996 | AV3: 1997 | AW3: 1998 | AX3: 1999 | AY3: 2000 | AZ3: 2001 | BA3: 2002 | BB3: 2003 | BC3: 2004 | BD3: 2005 | BE3: 2006 | BF3: 2007 | BG3: 2008 | BH3: 2009 | BI3: 2010 | BJ3: 2011 | BK3: 2012 | BL3: 2013 | BM3: 2014 | BN3: 2015 | BO3: 2016 | BP3: 2017 | BQ3: 2018 | BR3: 2019 | BS3: 2020
A4: Jan | B4: 0 | C4: 0.95 | D4: 0 | E4: 3.1882353 | F4: 0.71333333 | G4: 0 | H4: 0 | I4: 7.20625 | J4: 0 | K4: 0 | L4: 6.2833333 | M4: 0 | N4: 0.84444444 | O4: 0 | P4: 0 | Q4: 0 | R4: 9.675 | S4: 0 | T4: 0 | U4: 0 | V4: 2.0851852 | W4: 0 | X4: 0 | Y4: 0 | Z4: 0 | AA4: 0 | AB4: 0 | AC4: 0 | AD4: 0.67 | AE4: 0 | AF4: 0.21621622 | AG4: 0 | AH4: 0 | AI4: 0.010810811 | AJ4: 1.5189189 | AK4: 15.727027 | AL4: 0.30810811 | AM4: 0 | AN4: 0 | AO4: 0.43428571 | AP4: 0.61818182 | AQ4: 0.13529412 | AR4: 0 | AS4: 3.9064516 | AT4: 1.0064516 | AU4: 0 | AV4: 3 | AW4: 0.14705882 | AX4: 0 | AY4: 0 | AZ4: 1.6107143 | BA4: 0 | BB4: 0 | BC4: 1.6645161 | BD4: 1.7758621 | BE4: 0 | BF4: 0 | BG4: 0 | BH4: 0 | BI4: 0 | BJ4: 0 | BK4: 0 | BL4: 0 | BM4: 0 | BN4: 2 | BO4: 5.05 | BP4: 1.76 | BQ4: 0 | BR4: 3.2 | BS4: 0.02
A5: Feb | B5: 0 | C5: 3.475 | D5: 2.65 | E5: 0 | F5: 0 | G5: 0 | H5: 0.038888889 | I5: 1.175 | J5: 2.9642857 | K5: 0 | L5: 6.3555556 | M5: 6.6222222 | N5: 0 | O5: 0 | P5: 0 | Q5: 0 | R5: 0 | S5: 3.425 | T5: 0 | U5: 15.492308 | V5: 13.737037 | W5: 0 | X5: 0 | Y5: 0 | Z5: 4.9857143 | AA5: 0 | AB5: 0.88974359 | AC5: 24.0925 | AD5: 75.75 | AE5: 0.125 | AF5: 0.24324324 | AG5: 0 | AH5: 0 | AI5: 13.57027 | AJ5: 0 | AK5: 11.043243 | AL5: 0 | AM5: 2.2222222 | AN5: 0 | AO5: 0 | AP5: 0.36969697 | AQ5: 0 | AR5: 0.55882353 | AS5: 10.796774 | AT5: 0.025806452 | AU5: 1 | AV5: 0 | AW5: 0 | AX5: 7.8794118 | AY5: 32.170968 | AZ5: 0 | BA5: 0 | BB5: 0.86875 | BC5: 1.4387097 | BD5: 6.7896552 | BE5: 0 | BF5: 1.3 | BG5: 2.1 | BH5: 0 | BI5: 0 | BJ5: 2.5 | BK5: 0 | BL5: 6.9 | BM5: 0.1 | BN5: 0 | BO5: 0.04 | BP5: 0 | BQ5: 4.02 | BR5: 26.32 | BS5: 0
A6: Mar | B6: 12.488235 | C6: 0 | D6: 0 | E6: 10.435294 | F6: 2.3066667 | G6: 0 | H6: 4.1333333 | I6: 16.7625 | J6: 0 | K6: 6.0294118 | L6: 1.5111111 | M6: 13.055556 | N6: 3.1055556 | O6: 0.508 | P6: 5.9 | Q6: 1.6642857 | R6: 12.9125 | S6: 0 | T6: 0.23888889 | U6: 1.5307692 | V6: 8.6407407 | W6: 0 | X6: 0.6 | Y6: 3.5628571 | Z6: 4.0771429 | AA6: 0.047368421 | AB6: 16.148718 | AC6: 2.385 | AD6: 0.7375 | AE6: 12.1725 | AF6: 17.237838 | AG6: 0.76315789 | AH6: 0.74444444 | AI6: 73.256757 | AJ6: 27.405405 | AK6: 0 | AL6: 16.016216 | AM6: 17.372222 | AN6: 10.131579 | AO6: 5.0085714 | AP6: 2.7545455 | AQ6: 0 | AR6: 8.8323529 | AS6: 0 | AT6: 1.6709677 | AU6: 2 | AV6: 32 | AW6: 1.4617647 | AX6: 2.0794118 | AY6: 0.25806452 | AZ6: 1.8392857 | BA6: 1.2481481 | BB6: 22.209375 | BC6: 7.5806452 | BD6: 6.6931034 | BE6: 62.7 | BF6: 0 | BG6: 100.9 | BH6: 17.3 | BI6: 18.5 | BJ6: 2.7 | BK6: 4.3 | BL6: 2.3 | BM6: 19.6 | BN6: 28 | BO6: 7.28 | BP6: 33.01 | BQ6: 26.65 | BR6: 0 | BS6: 12.63
A7: Apr | B7: 39.911765 | C7: 37.2 | D7: 89.55625 | E7: 17.358824 | F7: 57.006667 | G7: 16.377778 | H7: 13.616667 | I7: 36.11875 | J7: 10.328571 | K7: 12.905882 | L7: 29.166667 | M7: 106.69444 | N7: 58.455556 | O7: 12.464 | P7: 34.594118 | Q7: 27.414286 | R7: 13.075 | S7: 27.716667 | T7: 32.161111 | U7: 34.553846 | V7: 44.503704 | W7: 24.910714 | X7: 19.84 | Y7: 13.677143 | Z7: 10.171429 | AA7: 77.063158 | AB7: 49.151282 | AC7: 56.87 | AD7: 24.115 | AE7: 58.5425 | AF7: 37.016216 | AG7: 13.689474 | AH7: 8.1805556 | AI7: 25.824324 | AJ7: 42.891892 | AK7: 22.578378 | AL7: 9.9891892 | AM7: 94.780556 | AN7: 16.226316 | AO7: 12.871429 | AP7: 69.845455 | AQ7: 16.129412 | AR7: 16.494118 | AS7: 50.880645 | AT7: 32.693548 | AU7: 46 | AV7: 32 | AW7: 53.347059 | AX7: 68.047059 | AY7: 57.212903 | AZ7: 97.789286 | BA7: 11.166667 | BB7: 26.221875 | BC7: 63.887097 | BD7: 70.665517 | BE7: 11 | BF7: 46.3 | BG7: 15.2 | BH7: 11.7 | BI7: 42.4 | BJ7: 88.7 | BK7: 57.7 | BL7: 38.9 | BM7: 11 | BN7: 87 | BO7: 4.89 | BP7: 46.45 | BQ7: 17.39 | BR7: 44.76 | BS7: 77.61
A8: May | B8: 124.98235 | C8: 102.45 | D8: 45.50625 | E8: 139.95882 | F8: 77.753333 | G8: 34.572222 | H8: 139.90556 | I8: 126.24375 | J8: 74.228571 | K8: 46.535294 | L8: 84.261111 | M8: 86.816667 | N8: 53.777778 | O8: 60.724 | P8: 30.205882 | Q8: 130.22857 | R8: 79.55625 | S8: 82.066667 | T8: 114.11667 | U8: 148.48077 | V8: 143.6037 | W8: 173.44286 | X8: 82.997143 | Y8: 126.28857 | Z8: 129.72857 | AA8: 37.342105 | AB8: 159.52051 | AC8: 120.2025 | AD8: 65.915 | AE8: 156.135 | AF8: 133.44324 | AG8: 114.80526 | AH8: 107.08056 | AI8: 61.948649 | AJ8: 62.083784 | AK8: 72.205405 | AL8: 63.902703 | AM8: 123.14167 | AN8: 74.452632 | AO8: 116.90857 | AP8: 102.05152 | AQ8: 92.123529 | AR8: 69.891176 | AS8: 69.664516 | AT8: 77.73871 | AU8: 53 | AV8: 63 | AW8: 35.079412 | AX8: 141.38235 | AY8: 78.154839 | AZ8: 18.732143 | BA8: 108.77778 | BB8: 11.48125 | BC8: 197.99677 | BD8: 93.627586 | BE8: 72.5 | BF8: 76.6 | BG8: 100.7 | BH8: 92.4 | BI8: 114 | BJ8: 97.5 | BK8: 108.2 | BL8: 119.6 | BM8: 92.5 | BN8: 161 | BO8: 133.19 | BP8: 178.17 | BQ8: 135.1 | BR8: 114.69 | BS8: 80.89
A9: Jun | B9: 37.217647 | C9: 47.9 | D9: 79.15625 | E9: 34.311765 | F9: 49.673333 | G9: 77.744444 | H9: 77.35 | I9: 44.65625 | J9: 99.628571 | K9: 31.617647 | L9: 82.505556 | M9: 35.288889 | N9: 46.194444 | O9: 61.76 | P9: 34.305882 | Q9: 80.242857 | R9: 78.9875 | S9: 42.633333 | T9: 37.722222 | U9: 24.326923 | V9: 28.351852 | W9: 98.55 | X9: 46.168571 | Y9: 14.591429 | Z9: 70.2 | AA9: 24.418421 | AB9: 92.287179 | AC9: 50.845 | AD9: 127.5375 | AE9: 43.755 | AF9: 18.437838 | AG9: 92.571053 | AH9: 152.04722 | AI9: 33.794595 | AJ9: 57.018919 | AK9: 106.27838 | AL9: 87.148649 | AM9: 8.3194444 | AN9: 47.821053 | AO9: 39.217143 | AP9: 150.60909 | AQ9: 159.79706 | AR9: 115.40882 | AS9: 32.270968 | AT9: 63.332258 | AU9: 142 | AV9: 54 | AW9: 37.847059 | AX9: 41.811765 | AY9: 61.670968 | AZ9: 5.2 | BA9: 63.874074 | BB9: 51.796875 | BC9: 46.33871 | BD9: 46.772414 | BE9: 96.6 | BF9: 57.1 | BG9: 11.8 | BH9: 96.3 | BI9: 141.4 | BJ9: 47.4 | BK9: 20.4 | BL9: 81.5 | BM9: 61.4 | BN9: 67 | BO9: 151.53 | BP9: 42.01 | BQ9: 82.72 | BR9: 83.32 | BS9: 104.18
A10: Jul | B10: 129.09412 | C10: 85.4 | D10: 108.54375 | E10: 94.952941 | F10: 54.426667 | G10: 82.877778 | H10: 25.583333 | I10: 42.225 | J10: 26.392857 | K10: 83.317647 | L10: 73.061111 | M10: 37.144444 | N10: 75.35 | O10: 175.972 | P10: 26.082353 | Q10: 84.935714 | R10: 147.99375 | S10: 72.166667 | T10: 50.105556 | U10: 56.442308 | V10: 50.314815 | W10: 41.525 | X10: 75.922857 | Y10: 88.937143 | Z10: 224.71143 | AA10: 54.576316 | AB10: 84.207692 | AC10: 118.7075 | AD10: 75.545 | AE10: 72.43 | AF10: 74.562162 | AG10: 52.173684 | AH10: 74.202778 | AI10: 123.68378 | AJ10: 70.435135 | AK10: 46.351351 | AL10: 39.545946 | AM10: 194.41111 | AN10: 171.13421 | AO10: 29.374286 | AP10: 52.30303 | AQ10: 76.652941 | AR10: 72.797059 | AS10: 85.158065 | AT10: 95.596774 | AU10: 48 | AV10: 47 | AW10: 191.74412 | AX10: 43.714706 | AY10: 72.909677 | AZ10: 72.514286 | BA10: 29.396296 | BB10: 60.81875 | BC10: 199.56774 | BD10: 127.78966 | BE10: 37.2 | BF10: 100.8 | BG10: 149.1 | BH10: 30 | BI10: 145.6 | BJ10: 106.1 | BK10: 73.2 | BL10: 83.7 | BM10: 90.1 | BN10: 70 | BO10: 234.32 | BP10: 31.31 | BQ10: 36.16 | BR10: 49.38 | BS10: 219.32
A11: Aug | B11: 26.047059 | C11: 92.5 | D11: 21.05 | E11: 113.16471 | F11: 102.02 | G11: 57.783333 | H11: 34.333333 | I11: 130.40625 | J11: 118.65714 | K11: 74.082353 | L11: 87.105556 | M11: 141.27778 | N11: 135.82778 | O11: 93.38 | P11: 181.57059 | Q11: 75.578571 | R11: 49.0625 | S11: 31.091667 | T11: 211.24444 | U11: 82.526923 | V11: 202.46296 | W11: 66.225 | X11: 152.37714 | Y11: 49.871429 | Z11: 182.73143 | AA11: 96.021053 | AB11: 92.551282 | AC11: 76.7975 | AD11: 69.8625 | AE11: 63.0225 | AF11: 127.88108 | AG11: 31.302632 | AH11: 144.34167 | AI11: 23.578378 | AJ11: 54.278378 | AK11: 68.310811 | AL11: 82.081081 | AM11: 242.75 | AN11: 43.55 | AO11: 98.72 | AP11: 118.73636 | AQ11: 98.408824 | AR11: 138.57353 | AS11: 72.206452 | AT11: 162.70968 | AU11: 191 | AV11: 105 | AW11: 261.45882 | AX11: 95.435294 | AY11: 202.84194 | AZ11: 80.303571 | BA11: 22.240741 | BB11: 121.29375 | BC11: 38.729032 | BD11: 146.44828 | BE11: 31.1 | BF11: 133.6 | BG11: 223 | BH11: 101.5 | BI11: 148.4 | BJ11: 230.6 | BK11: 138.3 | BL11: 75.8 | BM11: 162.6 | BN11: 99 | BO11: 34.9 | BP11: 168.58 | BQ11: 55.56 | BR11: 95.77 | BS11: 89.51
A12: Sep | B12: 147.94118 | C12: 126.075 | D12: 114.975 | E12: 17.7 | F12: 121.69333 | G12: 109.83889 | H12: 43.033333 | I12: 135.38125 | J12: 236.37143 | K12: 178.42353 | L12: 96.466667 | M12: 179.92222 | N12: 182.56667 | O12: 236.644 | P12: 38.711765 | Q12: 210.22143 | R12: 79.95 | S12: 283.19167 | T12: 52.627778 | U12: 125.15 | V12: 169.01111 | W12: 206.81786 | X12: 258.24571 | Y12: 246.34571 | Z12: 264.83143 | AA12: 79.210526 | AB12: 144.46667 | AC12: 205.5925 | AD12: 246.01 | AE12: 144.4225 | AF12: 297.23243 | AG12: 169.91579 | AH12: 187.88333 | AI12: 169.24865 | AJ12: 131.13784 | AK12: 267.57297 | AL12: 162.37297 | AM12: 252.63056 | AN12: 183.62105 | AO12: 68.26 | AP12: 185.67273 | AQ12: 150.72941 | AR12: 190.88235 | AS12: 57.806452 | AT12: 98.43871 | AU12: 229 | AV12: 180 | AW12: 140.41176 | AX12: 142.92353 | AY12: 201.52581 | AZ12: 260.63214 | BA12: 59.825926 | BB12: 68.11875 | BC12: 170.86774 | BD12: 165.20345 | BE12: 45.6 | BF12: 166 | BG12: 103.9 | BH12: 258.1 | BI12: 108.9 | BJ12: 61.9 | BK12: 47.6 | BL12: 268.5 | BM12: 202.3 | BN12: 238 | BO12: 50.46 | BP12: 334.15 | BQ12: 101.82 | BR12: 142.75 | BS12: 180.54
A13: Oct | B13: 77.105882 | C13: 214.05 | D13: 295.4875 | E13: 167.42353 | F13: 143.62 | G13: 352.83889 | H13: 151.93889 | I13: 141.14375 | J13: 34.507143 | K13: 97.976471 | L13: 153.07222 | M13: 162.52778 | N13: 199.72778 | O13: 106.188 | P13: 22.847059 | Q13: 147.42143 | R13: 92.30625 | S13: 121.08333 | T13: 176.39444 | U13: 332.78462 | V13: 164.08519 | W13: 170.65 | X13: 258.82 | Y13: 186.23714 | Z13: 175.52 | AA13: 66.621053 | AB13: 243.81026 | AC13: 111.04 | AD13: 72.47 | AE13: 96.5325 | AF13: 170.30541 | AG13: 67.528947 | AH13: 65.230556 | AI13: 127.74865 | AJ13: 41.108108 | AK13: 78.178378 | AL13: 192.03514 | AM13: 34.861111 | AN13: 121.50526 | AO13: 108.09714 | AP13: 345.85455 | AQ13: 145.50588 | AR13: 222.53529 | AS13: 249.9 | AT13: 113.65161 | AU13: 133 | AV13: 176 | AW13: 153.54706 | AX13: 304.61765 | AY13: 327.39032 | AZ13: 139.91786 | BA13: 96.840741 | BB13: 152.63125 | BC13: 146.3 | BD13: 327.19655 | BE13: 75.6 | BF13: 184.2 | BG13: 150.4 | BH13: 23.2 | BI13: 86.1 | BJ13: 130.2 | BK13: 79.6 | BL13: 130.7 | BM13: 267.2 | BN13: 85 | BO13: 33.73 | BP13: 264.31 | BQ13: 81.16 | BR13: 219.46 | BS13: 194.64
A14: Nov | B14: 20.711765 | C14: 0 | D14: 1.8375 | E14: 0 | F14: 51.833333 | G14: 79.755556 | H14: 29.066667 | I14: 58.8125 | J14: 13.95 | K14: 66.7 | L14: 10.877778 | M14: 5.9777778 | N14: 13.488889 | O14: 136.692 | P14: 15.464706 | Q14: 167.97857 | R14: 46.46875 | S14: 21.125 | T14: 75.25 | U14: 22.992308 | V14: 19.959259 | W14: 27.139286 | X14: 29.454286 | Y14: 9.5428571 | Z14: 103.54286 | AA14: 112.32632 | AB14: 87.433333 | AC14: 65.8525 | AD14: 94.4925 | AE14: 66.7 | AF14: 48.47027 | AG14: 49.223684 | AH14: 9.4055556 | AI14: 5.0243243 | AJ14: 33.545946 | AK14: 90.786486 | AL14: 79.110811 | AM14: 8.1138889 | AN14: 7.0421053 | AO14: 36.605714 | AP14: 114.87273 | AQ14: 62.691176 | AR14: 41.411765 | AS14: 20.006452 | AT14: 23.141935 | AU14: 5 | AV14: 111 | AW14: 62.408824 | AX14: 66.455882 | AY14: 9.8322581 | AZ14: 33.160714 | BA14: 27.237037 | BB14: 9.190625 | BC14: 16.283871 | BD14: 90.893103 | BE14: 79.7 | BF14: 18.6 | BG14: 25.2 | BH14: 31.3 | BI14: 149.1 | BJ14: 26.7 | BK14: 106.8 | BL14: 59.8 | BM14: 35.4 | BN14: 243 | BO14: 7.76 | BP14: 26.32 | BQ14: 12.05 | BR14: 22.07 | BS14: 78.03
A15: Dec | B15: 0 | C15: 54.6625 | D15: 0 | E15: 18.058824 | F15: 3.1733333 | G15: 3.8388889 | H15: 0 | I15: 3.15625 | J15: 5.5357143 | K15: 0 | L15: 0.13888889 | M15: 52.011111 | N15: 10.883333 | O15: 3.48 | P15: 12.135294 | Q15: 6.5 | R15: 20.2125 | S15: 4.9083333 | T15: 50.888889 | U15: 0.088461538 | V15: 10.618519 | W15: 70.45 | X15: 15.865714 | Y15: 0 | Z15: 2.9485714 | AA15: 3.4631579 | AB15: 0.33076923 | AC15: 23.9825 | AD15: 0.9 | AE15: 0.525 | AF15: 11.118919 | AG15: 0.023684211 | AH15: 35.919444 | AI15: 1.7756757 | AJ15: 2.7189189 | AK15: 7.4351351 | AL15: 41.710811 | AM15: 18.258333 | AN15: 0.84736842 | AO15: 5.1571429 | AP15: 0 | AQ15: 0.43529412 | AR15: 43.291176 | AS15: 1.4903226 | AT15: 0 | AU15: 23 | AV15: 25 | AW15: 10.091176 | AX15: 6.95 | AY15: 4.6516129 | AZ15: 1.0142857 | BA15: 2 | BB15: 0 | BC15: 0 | BD15: 7.662069 | BE15: 1.7 | BF15: 20.3 | BG15: 2.3 | BH15: 20 | BI15: 11.2 | BJ15: 5.2 | BK15: 14.4 | BL15: 5.1 | BM15: 3.9 | BN15: 5 | BO15: 59.72 | BP15: 10.92 | BQ15: 7.28 | BR15: 14.06 | BS15: 19.92
A16: Annual
A17: winter
A18: summer
A19: SWMS
A20: NEMS
A22: Bangalore urban
A23: Year | B23: 1951 | C23: 1952 | D23: 1953 | E23: 1954 | F23: 1955 | G23: 1956 | H23: 1957 | I23: 1958 | J23: 1959 | K23: 1960 | L23: 1961 | M23: 1962 | N23: 1963 | O23: 1964 | P23: 1965 | Q23: 1966 | R23: 1967 | S23: 1968 | T23: 1969 | U23: 1970 | V23: 1971 | W23: 1972 | X23: 1973 | Y23: 1974 | Z23: 1975 | AA23: 1976 | AB23: 1977 | AC23: 1978 | AD23: 1979 | AE23: 1980 | AF23: 1981 | AG23: 1982 | AH23: 1983 | AI23: 1984 | AJ23: 1985 | AK23: 1986 | AL23: 1987 | AM23: 1988 | AN23: 1989 | AO23: 1990 | AP23: 1991 | AQ23: 1992 | AR23: 1993 | AS23: 1994 | AT23: 1995 | AU23: 1996 | AV23: 1997 | AW23: 1998 | AX23: 1999 | AY23: 2000 | AZ23: 2001 | BA23: 2002 | BB23: 2003 | BC23: 2004 | BD23: 2005 | BE23: 2006 | BF23: 2007 | BG23: 2008 | BH23: 2009 | BI23: 2010 | BJ23: 2011 | BK23: 2012 | BL23: 2013 | BM23: 2014 | BN23: 2015 | BO23: 2016 | BP23: 2017 | BQ23: 2018 | BR23: 2019 | BS23: 2020
A24: Jan | B24: 0 | C24: 0 | D24: 0 | E24: 3.28 | F24: 5.45 | G24: 1.2857143 | H24: 0.75454545 | I24: 5.4272727 | J24: 0 | K24: 0 | L24: 2.4444444 | M24: 0 | N24: 6.6888889 | O24: 0 | P24: 0 | Q24: 0 | R24: 9 | S24: 0 | T24: 0 | U24: 0 | V24: 0.038461538 | W24: 0.016666667 | X24: 0 | Y24: 0 | Z24: 0 | AA24: 0.22666667 | AB24: 0 | AC24: 0 | AD24: 0 | AE24: 0 | AF24: 0.50666667 | AG24: 0 | AH24: 0 | AI24: 1.3454545 | AJ24: 3.7416667 | AK24: 17.891667 | AL24: 0 | AM24: 0 | AN24: 0 | AO24: 0.95 | AP24: 0.31764706 | AQ24: 0 | AR24: 0 | AS24: 0.9 | AT24: 9.86875 | AU24: 0 | AV24: 1 | AW24: 0 | AX24: 0 | AY24: 0 | AZ24: 0.94285714 | BA24: 0.125 | BB24: 0 | BC24: 3.775 | BD24: 0.51111111 | BE24: 0.3 | BF24: 0 | BG24: 0.1 | BH24: 0.1 | BI24: 5.4 | BJ24: 0 | BK24: 0.1 | BL24: 0 | BM24: 0 | BN24: 8 | BO24: 7.25 | BP24: 0.5 | BQ24: 0 | BR24: 3.02 | BS24: 0.03
A25: Feb | B25: 0 | C25: 2.7 | D25: 0.9 | E25: 0 | F25: 0 | G25: 0 | H25: 0 | I25: 0.43636364 | J25: 21.225 | K25: 0 | L25: 13.088889 | M25: 1.8375 | N25: 0.22222222 | O25: 0 | P25: 0 | Q25: 0 | R25: 0 | S25: 1.9 | T25: 0 | U25: 23.341667 | V25: 0.53846154 | W25: 0 | X25: 0 | Y25: 0 | Z25: 3.8230769 | AA25: 0 | AB25: 1.3666667 | AC25: 10.670588 | AD25: 66.5375 | AE25: 0 | AF25: 0 | AG25: 0 | AH25: 0 | AI25: 24.518182 | AJ25: 0 | AK25: 19.733333 | AL25: 0 | AM25: 1.3866667 | AN25: 0 | AO25: 0 | AP25: 0 | AQ25: 0 | AR25: 0.28 | AS25: 7.69375 | AT25: 0 | AU25: 0 | AV25: 0 | AW25: 0 | AX25: 5.1066667 | AY25: 49.642857 | AZ25: 0 | BA25: 0 | BB25: 1.2 | BC25: 2.845 | BD25: 4.8388889 | BE25: 0 | BF25: 0.2 | BG25: 9.9 | BH25: 0 | BI25: 0 | BJ25: 18.2 | BK25: 0 | BL25: 4 | BM25: 0.1 | BN25: 0 | BO25: 0.07 | BP25: 0 | BQ25: 2.22 | BR25: 34.63 | BS25: 0
A26: Mar | B26: 2.2875 | C26: 0 | D26: 0 | E26: 0 | F26: 1.85 | G26: 0 | H26: 25.454545 | I26: 6.2181818 | J26: 0 | K26: 0.28888889 | L26: 0.52222222 | M26: 14.8125 | N26: 1.3777778 | O26: 0 | P26: 5.96 | Q26: 0 | R26: 7.1 | S26: 3 | T26: 1.2333333 | U26: 5.025 | V26: 12.107692 | W26: 0 | X26: 0 | Y26: 0 | Z26: 0.053846154 | AA26: 0 | AB26: 25.986667 | AC26: 1.4176471 | AD26: 0.075 | AE26: 15.58 | AF26: 31.046667 | AG26: 0.35714286 | AH26: 2.2923077 | AI26: 61.327273 | AJ26: 10.775 | AK26: 0 | AL26: 19.069231 | AM26: 22.02 | AN26: 8.8285714 | AO26: 7.5357143 | AP26: 1.7294118 | AQ26: 0 | AR26: 5.6 | AS26: 0.125 | AT26: 7.89375 | AU26: 0 | AV26: 34 | AW26: 2.2214286 | AX26: 0 | AY26: 0.25714286 | AZ26: 4.2285714 | BA26: 0.8375 | BB26: 10.473684 | BC26: 5.565 | BD26: 4.1777778 | BE26: 62.7 | BF26: 0 | BG26: 115.4 | BH26: 15.2 | BI26: 17.4 | BJ26: 2 | BK26: 0.6 | BL26: 2.6 | BM26: 12.9 | BN26: 29 | BO26: 8.91 | BP26: 33.81 | BQ26: 25.53 | BR26: 0 | BS26: 13.42
A27: Apr | B27: 11.6875 | C27: 4.275 | D27: 98.44 | E27: 13.82 | F27: 51.866667 | G27: 18.571429 | H27: 22.518182 | I27: 39.745455 | J27: 33.8 | K27: 2.8333333 | L27: 37.955556 | M27: 83.1375 | N27: 82.066667 | O27: 10.02 | P27: 26.98 | Q27: 30 | R27: 5.7714286 | S27: 15.75 | T27: 52 | U27: 45.316667 | V27: 43.792308 | W27: 21.75 | X27: 14.292308 | Y27: 11.233333 | Z27: 2.0615385 | AA27: 74.493333 | AB27: 46.586667 | AC27: 49.029412 | AD27: 18.8625 | AE27: 21.173333 | AF27: 31.186667 | AG27: 10.771429 | AH27: 6.9076923 | AI27: 22.090909 | AJ27: 24.65 | AK27: 4.9333333 | AL27: 25.284615 | AM27: 67.28 | AN27: 16.785714 | AO27: 14.764286 | AP27: 63.505882 | AQ27: 8.8857143 | AR27: 7.38 | AS27: 23.15 | AT27: 13.14375 | AU27: 72 | AV27: 40 | AW27: 51.964286 | AX27: 60.846667 | AY27: 46.092857 | AZ27: 159.66429 | BA27: 5.5 | BB27: 41.421053 | BC27: 49.825 | BD27: 68.266667 | BE27: 25.2 | BF27: 104.9 | BG27: 30.4 | BH27: 63.9 | BI27: 97.5 | BJ27: 157.8 | BK27: 21.1 | BL27: 28.9 | BM27: 7.2 | BN27: 115 | BO27: 7.74 | BP27: 42.05 | BQ27: 20.96 | BR27: 53.66 | BS27: 85.05
A28: May | B28: 109.2375 | C28: 60.65 | D28: 38.7 | E28: 150.16 | F28: 117.06667 | G28: 19.228571 | H28: 205.12727 | I28: 164.65455 | J28: 74.7 | K28: 51.244444 | L28: 91.211111 | M28: 88.175 | N28: 50.677778 | O28: 75.75 | P28: 18.08 | Q28: 107.98 | R28: 85.585714 | S28: 114.45 | T28: 154.8 | U28: 154.11667 | V28: 126.58462 | W28: 106.9 | X28: 74.969231 | Y28: 122.87333 | Z28: 110.57692 | AA28: 49.033333 | AB28: 139.27333 | AC28: 92.735294 | AD28: 60.1875 | AE28: 125.74 | AF28: 103.24 | AG28: 119.25 | AH28: 121.33077 | AI28: 42.581818 | AJ28: 44.108333 | AK28: 78 | AL28: 50.069231 | AM28: 92.82 | AN28: 67.107143 | AO28: 77.492857 | AP28: 119.04706 | AQ28: 109.54286 | AR28: 89.353333 | AS28: 66.59375 | AT28: 93.6 | AU28: 52 | AV28: 40 | AW28: 44.357143 | AX28: 174.51333 | AY28: 88.842857 | AZ28: 17.085714 | BA28: 141.9 | BB28: 3.4631579 | BC28: 210.665 | BD28: 101.61667 | BE28: 133.9 | BF28: 79.5 | BG28: 87.1 | BH28: 123.8 | BI28: 123.9 | BJ28: 139.1 | BK28: 108.1 | BL28: 110.1 | BM28: 83.2 | BN28: 131 | BO28: 132.82 | BP28: 205.68 | BQ28: 156.94 | BR28: 135.77 | BS28: 107.81
A29: Jun | B29: 27.0125 | C29: 71.975 | D29: 77.14 | E29: 53.98 | F29: 44.15 | G29: 60.385714 | H29: 80.245455 | I29: 58.036364 | J29: 98.9 | K29: 44.822222 | L29: 45.066667 | M29: 44.2 | N29: 56.455556 | O29: 59.27 | P29: 40.92 | Q29: 54.12 | R29: 97.271429 | S29: 90.85 | T29: 37.083333 | U29: 54.091667 | V29: 22.476923 | W29: 77.166667 | X29: 39.669231 | Y29: 9.22 | Z29: 62.230769 | AA29: 11.506667 | AB29: 100.48 | AC29: 30.3 | AD29: 118.1 | AE29: 31.52 | AF29: 12.986667 | AG29: 99.6 | AH29: 135.62308 | AI29: 36.454545 | AJ29: 49.708333 | AK29: 134.825 | AL29: 79.646154 | AM29: 11.513333 | AN29: 43.157143 | AO29: 35.8 | AP29: 155.72353 | AQ29: 146.61429 | AR29: 103.25333 | AS29: 33.40625 | AT29: 58.50625 | AU29: 159 | AV29: 42 | AW29: 45.107143 | AX29: 44.26 | AY29: 78.364286 | AZ29: 13.485714 | BA29: 94.78125 | BB29: 32.563158 | BC29: 57.705 | BD29: 54.988889 | BE29: 190.5 | BF29: 57.2 | BG29: 59.2 | BH29: 125.4 | BI29: 67.3 | BJ29: 54.5 | BK29: 9.2 | BL29: 93.1 | BM29: 93.7 | BN29: 90 | BO29: 153.65 | BP29: 30.96 | BQ29: 72.31 | BR29: 62.97 | BS29: 109.09
A30: Jul | B30: 104.75 | C30: 98.45 | D30: 125.16 | E30: 153.46 | F30: 58.616667 | G30: 95.985714 | H30: 20.436364 | I30: 49.581818 | J30: 30.9625 | K30: 63.455556 | L30: 60.255556 | M30: 34.25 | N30: 31.433333 | O30: 234.84 | P30: 35.44 | Q30: 126.72 | R30: 95.457143 | S30: 57.1 | T30: 70.816667 | U30: 62.591667 | V30: 52.730769 | W30: 32.708333 | X30: 76.623077 | Y30: 105.37333 | Z30: 175.81538 | AA30: 61.873333 | AB30: 99.073333 | AC30: 115.37647 | AD30: 92.08125 | AE30: 87.286667 | AF30: 67.593333 | AG30: 46.142857 | AH30: 42.507692 | AI30: 106.40909 | AJ30: 77.525 | AK30: 46.2 | AL30: 23.784615 | AM30: 175.40667 | AN30: 159.04286 | AO30: 24.414286 | AP30: 43.058824 | AQ30: 69.107143 | AR30: 57.633333 | AS30: 83.85625 | AT30: 74.21875 | AU30: 24 | AV30: 28 | AW30: 147.95714 | AX30: 73.953333 | AY30: 60.785714 | AZ30: 95.778571 | BA30: 34.81875 | BB30: 56.210526 | BC30: 179.67 | BD30: 102.12222 | BE30: 53.6 | BF30: 154 | BG30: 182.5 | BH30: 30.2 | BI30: 112.3 | BJ30: 92.6 | BK30: 63.7 | BL30: 76.2 | BM30: 80.6 | BN30: 53 | BO30: 212.86 | BP30: 29.02 | BQ30: 36.7 | BR30: 47.52 | BS30: 175.34
A31: Aug | B31: 24.275 | C31: 91.15 | D31: 29.1 | E31: 105.64 | F31: 106.48333 | G31: 53.414286 | H31: 42.545455 | I31: 222.57273 | J31: 171.625 | K31: 65.744444 | L31: 90.788889 | M31: 103.925 | N31: 165.62222 | O31: 94.51 | P31: 187.4 | Q31: 72.42 | R31: 29.7 | S31: 42.4 | T31: 196.65 | U31: 94.425 | V31: 259.13846 | W31: 121.7 | X31: 168.29231 | Y31: 73.106667 | Z31: 120.66923 | AA31: 140.53333 | AB31: 93.186667 | AC31: 87.029412 | AD31: 89.05 | AE31: 55.786667 | AF31: 112.30667 | AG31: 42.621429 | AH31: 160.66154 | AI31: 31.236364 | AJ31: 46.975 | AK31: 97.008333 | AL31: 90.138462 | AM31: 166.14667 | AN31: 39.742857 | AO31: 87.928571 | AP31: 110.86471 | AQ31: 92.407143 | AR31: 116.27333 | AS31: 52.6125 | AT31: 167.9 | AU31: 192 | AV31: 86 | AW31: 336.40714 | AX31: 108.60667 | AY31: 241.43571 | AZ31: 95.807143 | BA31: 27.48125 | BB31: 97.273684 | BC31: 58.87 | BD31: 153.55 | BE31: 44.2 | BF31: 146.5 | BG31: 247.4 | BH31: 162.2 | BI31: 121.1 | BJ31: 237.5 | BK31: 130.5 | BL31: 72.6 | BM31: 118.1 | BN31: 111 | BO31: 45.48 | BP31: 206.85 | BQ31: 72.78 | BR31: 102.55 | BS31: 67.92
A32: Sep | B32: 92.65 | C32: 89.95 | D32: 131.8 | E32: 16.74 | F32: 120.25 | G32: 194.42857 | H32: 37.881818 | I32: 165.78182 | J32: 160.85 | K32: 163.17778 | L32: 99.933333 | M32: 178.8 | N32: 179.24444 | O32: 230.49 | P32: 37.36 | Q32: 241.22 | R32: 46.142857 | S32: 308.05 | T32: 84.783333 | U32: 122.58333 | V32: 191.3 | W32: 258.26667 | X32: 221.4 | Y32: 241.7 | Z32: 138.36923 | AA32: 110.98 | AB32: 190.48667 | AC32: 174.18235 | AD32: 312.4875 | AE32: 142.80667 | AF32: 234.38 | AG32: 190.96429 | AH32: 194.00769 | AI32: 147.43636 | AJ32: 136.04167 | AK32: 351.64167 | AL32: 147.17692 | AM32: 236.94 | AN32: 178.42857 | AO32: 90.2 | AP32: 194.17059 | AQ32: 142.75 | AR32: 230.27333 | AS32: 84.79375 | AT32: 105.61875 | AU32: 207 | AV32: 215 | AW32: 195.63571 | AX32: 220.20667 | AY32: 179.48571 | AZ32: 259.52143 | BA32: 64.875 | BB32: 72.384211 | BC32: 193.365 | BD32: 194.09444 | BE32: 31.5 | BF32: 223.7 | BG32: 105.6 | BH32: 335.3 | BI32: 149.9 | BJ32: 89.3 | BK32: 41.3 | BL32: 249.3 | BM32: 181.8 | BN32: 194 | BO32: 41.91 | BP32: 400.97 | BQ32: 112.94 | BR32: 150.2 | BS32: 183.88
A33: Oct | B33: 56.05 | C33: 139.35 | D33: 318.74 | E33: 147.5 | F33: 128.46667 | G33: 483.02857 | H33: 181.47273 | I33: 104.3 | J33: 38.6125 | K33: 111.5 | L33: 142.03333 | M33: 186.075 | N33: 221.72222 | O33: 115.85 | P33: 3.46 | Q33: 123.24 | R33: 43.771429 | S33: 125.8 | T33: 209.76667 | U33: 243.60833 | V33: 133.92308 | W33: 286.88333 | X33: 227.46154 | Y33: 141.18 | Z33: 144.57692 | AA33: 95.2 | AB33: 257.4 | AC33: 79.888235 | AD33: 127.875 | AE33: 116.35333 | AF33: 115.30667 | AG33: 75.492857 | AH33: 57.176923 | AI33: 116.43636 | AJ33: 57.158333 | AK33: 52.475 | AL33: 168.73846 | AM33: 41.273333 | AN33: 149.99286 | AO33: 71.821429 | AP33: 335.41765 | AQ33: 119.95714 | AR33: 191.98667 | AS33: 190.71875 | AT33: 116.85625 | AU33: 68 | AV33: 170 | AW33: 212.38571 | AX33: 257.44667 | AY33: 200.30714 | AZ33: 119.66429 | BA33: 118.4125 | BB33: 184.41579 | BC33: 198.665 | BD33: 451.81111 | BE33: 48.9 | BF33: 163 | BG33: 210.9 | BH33: 35.2 | BI33: 95.8 | BJ33: 170.8 | BK33: 60 | BL33: 95.5 | BM33: 247.3 | BN33: 110 | BO33: 33.65 | BP33: 243.81 | BQ33: 80.68 | BR33: 224.26 | BS33: 213.95
A34: Nov | B34: 9.325 | C34: 0 | D34: 3.04 | E34: 0 | F34: 26.383333 | G34: 79.685714 | H34: 40.836364 | I34: 38.772727 | J34: 28.0375 | K34: 90.666667 | L34: 21.5 | M34: 5.25 | N34: 19.033333 | O34: 135.64 | P34: 29.46 | Q34: 232.12 | R34: 15.628571 | S34: 27.05 | T34: 104.61667 | U34: 34.933333 | V34: 22.207692 | W34: 42.016667 | X34: 39.607692 | Y34: 19.473333 | Z34: 117.60769 | AA34: 147.18667 | AB34: 93.86 | AC34: 33.852941 | AD34: 88.075 | AE34: 49.82 | AF34: 33.74 | AG34: 41.671429 | AH34: 2.4230769 | AI34: 10.045455 | AJ34: 50.566667 | AK34: 69.925 | AL34: 63.023077 | AM34: 15.313333 | AN34: 4.0785714 | AO34: 29.6 | AP34: 143.04706 | AQ34: 40.971429 | AR34: 38.02 | AS34: 24.06875 | AT34: 10.78125 | AU34: 2 | AV34: 129 | AW34: 46.685714 | AX34: 39.633333 | AY34: 3.2428571 | AZ34: 25.921429 | BA34: 35.6125 | BB34: 7.6894737 | BC34: 18.355 | BD34: 64.088889 | BE34: 48 | BF34: 21.1 | BG34: 47.6 | BH34: 66.8 | BI34: 166.8 | BJ34: 64.8 | BK34: 100.6 | BL34: 63.3 | BM34: 27.8 | BN34: 214 | BO34: 4.66 | BP34: 23.9 | BQ34: 9.98 | BR34: 29.86 | BS34: 80.63
A35: Dec | B35: 0 | C35: 51.325 | D35: 0 | E35: 14.66 | F35: 11.083333 | G35: 6.8 | H35: 0 | I35: 1.4636364 | J35: 5.7 | K35: 0.044444444 | L35: 0.77777778 | M35: 83.2625 | N35: 75.688889 | O35: 3.11 | P35: 36.2 | Q35: 10.86 | R35: 17.5 | S35: 12 | T35: 74.383333 | U35: 0.15 | V35: 9.3692308 | W35: 85.425 | X35: 18.315385 | Y35: 0.7 | Z35: 6.5538462 | AA35: 6.0466667 | AB35: 0 | AC35: 9.7294118 | AD35: 0 | AE35: 0.026666667 | AF35: 21.086667 | AG35: 0.12142857 | AH35: 42.538462 | AI35: 0.96363636 | AJ35: 3.175 | AK35: 9.925 | AL35: 27.1 | AM35: 20.206667 | AN35: 0.27142857 | AO35: 4.25 | AP35: 0 | AQ35: 0.042857143 | AR35: 56.093333 | AS35: 1.65625 | AT35: 0 | AU35: 11 | AV35: 14 | AW35: 9.1071429 | AX35: 13.12 | AY35: 4.4857143 | AZ35: 4.15 | BA35: 1.5875 | BB35: 0.18947368 | BC35: 0 | BD35: 6.7944444 | BE35: 0.3 | BF35: 34.5 | BG35: 0.3 | BH35: 17.5 | BI35: 2.7 | BJ35: 5.9 | BK35: 17.2 | BL35: 1.4 | BM35: 2 | BN35: 3 | BO35: 67.98 | BP35: 15.93 | BQ35: 8.02 | BR35: 15.91 | BS35: 19.51
A36: Annual
A37: winter
A38: summer
A39: SWMS
A40: NEMS
A42: Kolar
A43: Year | B43: 1951 | C43: 1952 | D43: 1953 | E43: 1954 | F43: 1955 | G43: 1956 | H43: 1957 | I43: 1958 | J43: 1959 | K43: 1960 | L43: 1961 | M43: 1962 | N43: 1963 | O43: 1964 | P43: 1965 | Q43: 1966 | R43: 1967 | S43: 1968 | T43: 1969 | U43: 1970 | V43: 1971 | W43: 1972 | X43: 1973 | Y43: 1974 | Z43: 1975 | AA43: 1976 | AB43: 1977 | AC43: 1978 | AD43: 1979 | AE43: 1980 | AF43: 1981 | AG43: 1982 | AH43: 1983 | AI43: 1984 | AJ43: 1985 | AK43: 1986 | AL43: 1987 | AM43: 1988 | AN43: 1989 | AO43: 1990 | AP43: 1991 | AQ43: 1992 | AR43: 1993 | AS43: 1994 | AT43: 1995 | AU43: 1996 | AV43: 1997 | AW43: 1998 | AX43: 1999 | AY43: 2000 | AZ43: 2001 | BA43: 2002 | BB43: 2003 | BC43: 2004 | BD43: 2005 | BE43: 2006 | BF43: 2007 | BG43: 2008 | BH43: 2009 | BI43: 2010 | BJ43: 2011 | BK43: 2012 | BL43: 2013 | BM43: 2014 | BN43: 2015 | BO43: 2016 | BP43: 2017 | BQ43: 2018 | BR43: 2019 | BS43: 2020
A44: Jan | B44: 0 | C44: 3.5172043 | D44: 0 | E44: 8.4645161 | F44: 4.6888889 | G44: 0 | H44: 0 | I44: 6.983871 | J44: 3.6333333 | K44: 3.5172043 | L44: 0.63666667 | M44: 0.51785714 | N44: 2.8566667 | O44: 0 | P44: 0 | Q44: 2.6076923 | R44: 8.6038462 | S44: 0 | T44: 0 | U44: 2.4545455 | V44: 8.3444444 | W44: 0.10555556 | X44: 0 | Y44: 0 | Z44: 0 | AA44: 0.25135135 | AB44: 0 | AC44: 0.12954545 | AD44: 0 | AE44: 0 | AF44: 0.58235294 | AG44: 0.81632653 | AH44: 0 | AI44: 0.032653061 | AJ44: 7.2822222 | AK44: 18.919149 | AL44: 0.016666667 | AM44: 3.34375 | AN44: 0 | AO44: 0.53636364 | AP44: 4.3733333 | AQ44: 1.2341463 | AR44: 0 | AS44: 0.27916667 | AT44: 2.1276596 | AU44: 0 | AV44: 1 | AW44: 0.7804878 | AX44: 0.93 | AY44: 1.0315789 | AZ44: 1.9717949 | BA44: 4.525641 | BB44: 0.48780488 | BC44: 1.025641 | BD44: 2.8333333 | BE44: 0 | BF44: 0 | BG44: 0 | BH44: 0.1 | BI44: 0.6 | BJ44: 0 | BK44: 0 | BL44: 0 | BM44: 0 | BN44: 1 | BO44: 8.7 | BP44: 9.35 | BQ44: 0 | BR44: 12.31 | BS44: 1.45
A45: Feb | B45: 0 | C45: 3.2569892 | D45: 0 | E45: 0 | F45: 0 | G45: 0 | H45: 0 | I45: 5.9645161 | J45: 20.711111 | K45: 3.2569892 | L45: 1.7933333 | M45: 4.5178571 | N45: 0 | O45: 1.1653846 | P45: 0 | Q45: 0.72307692 | R45: 0 | S45: 0.612 | T45: 0 | U45: 7.0333333 | V45: 7.1277778 | W45: 0 | X45: 0 | Y45: 0 | Z45: 1.553125 | AA45: 0 | AB45: 0.07804878 | AC45: 5.5681818 | AD45: 27.8125 | AE45: 0 | AF45: 0 | AG45: 0 | AH45: 0 | AI45: 19.95102 | AJ45: 0 | AK45: 15.12766 | AL45: 0 | AM45: 0.58125 | AN45: 0 | AO45: 0.55 | AP45: 0.65333333 | AQ45: 0 | AR45: 0 | AS45: 2.2208333 | AT45: 1.1659574 | AU45: 0 | AV45: 0 | AW45: 0.95238095 | AX45: 2.9121951 | AY45: 34.551282 | AZ45: 0.7 | BA45: 2.5025 | BB45: 1.1190476 | BC45: 1.905 | BD45: 7.4157895 | BE45: 0 | BF45: 0.6 | BG45: 14.7 | BH45: 0 | BI45: 1 | BJ45: 21.1 | BK45: 0 | BL45: 16.5 | BM45: 0 | BN45: 27 | BO45: 0.04 | BP45: 0 | BQ45: 7.88 | BR45: 14.19 | BS45: 0
A46: Mar | B46: 18.145161 | C46: 7.9731183 | D46: 0 | E46: 4.5096774 | F46: 0.96666667 | G46: 0 | H46: 7.0548387 | I46: 7.6483871 | J46: 0.98888889 | K46: 7.9731183 | L46: 1.3166667 | M46: 8.5571429 | N46: 6.1666667 | O46: 0 | P46: 4.332 | Q46: 0 | R46: 29.469231 | S46: 8.096 | T46: 0.912 | U46: 2.1272727 | V46: 10.366667 | W46: 0 | X46: 0 | Y46: 0.36111111 | Z46: 7.1125 | AA46: 0.81891892 | AB46: 16.253659 | AC46: 1.8045455 | AD46: 0.45833333 | AE46: 5.532 | AF46: 23.435294 | AG46: 0.52040816 | AH46: 3.2980392 | AI46: 68.836735 | AJ46: 14.262222 | AK46: 0 | AL46: 6.68125 | AM46: 10.65 | AN46: 7.9181818 | AO46: 12.965909 | AP46: 1.3333333 | AQ46: 0 | AR46: 1.6977778 | AS46: 0.29166667 | AT46: 4.193617 | AU46: 0 | AV46: 24 | AW46: 4.7119048 | AX46: 0.6804878 | AY46: 1.9025641 | AZ46: 5.11 | BA46: 8.8525 | BB46: 10.292857 | BC46: 10.7325 | BD46: 6.1263158 | BE46: 39.8 | BF46: 0 | BG46: 90.4 | BH46: 9.9 | BI46: 0 | BJ46: 0 | BK46: 4.7 | BL46: 4.9 | BM46: 13.6 | BN46: 75 | BO46: 8.18 | BP46: 38.39 | BQ46: 35.27 | BR46: 0.08 | BS46: 11.6
A47: Apr | B47: 42.480645 | C47: 27.65914 | D47: 66.558824 | E47: 11.609677 | F47: 30.385185 | G47: 26.435294 | H47: 16.006452 | I47: 30.287097 | J47: 12.9 | K47: 27.65914 | L47: 12.386667 | M47: 75.539286 | N47: 53.81 | O47: 1.8269231 | P47: 26.28 | Q47: 17.007692 | R47: 5.6615385 | S47: 22.216 | T47: 16.668 | U47: 10.009091 | V47: 21.527778 | W47: 21.066667 | X47: 6.2432432 | Y47: 15.016667 | Z47: 4.3125 | AA47: 28.451351 | AB47: 28.404878 | AC47: 38.634091 | AD47: 13.839583 | AE47: 17.68 | AF47: 18.382353 | AG47: 9.3163265 | AH47: 9.3078431 | AI47: 17.395918 | AJ47: 26.015556 | AK47: 30.482979 | AL47: 9.8520833 | AM47: 60.660417 | AN47: 5.8795455 | AO47: 2.5681818 | AP47: 37.524444 | AQ47: 7.9902439 | AR47: 2.8355556 | AS47: 25.6125 | AT47: 11.644681 | AU47: 47 | AV47: 31 | AW47: 24.335714 | AX47: 32.958537 | AY47: 18.194872 | AZ47: 69.035 | BA47: 21.275 | BB47: 6.6785714 | BC47: 24.39 | BD47: 39.778947 | BE47: 11 | BF47: 27.5 | BG47: 0.4 | BH47: 14.4 | BI47: 67.8 | BJ47: 88 | BK47: 65.4 | BL47: 36.8 | BM47: 3.5 | BN47: 89 | BO47: 2.4 | BP47: 29.98 | BQ47: 16.5 | BR47: 34.65 | BS47: 73.4
A48: May | B48: 109.45484 | C48: 65.826882 | D48: 35.161765 | E48: 120.76129 | F48: 91.685185 | G48: 50.620588 | H48: 98.332258 | I48: 87.670968 | J48: 42.15 | K48: 65.826882 | L48: 48.79 | M48: 70.367857 | N48: 22.366667 | O48: 51.334615 | P48: 20.108 | Q48: 78.138462 | R48: 103.67692 | S48: 45.096 | T48: 80.492 | U48: 111.84848 | V48: 79.327778 | W48: 127.79444 | X48: 55.172973 | Y48: 99.277778 | Z48: 77.253125 | AA48: 21.159459 | AB48: 108.50976 | AC48: 52.781818 | AD48: 43.820833 | AE48: 101.432 | AF48: 62.105882 | AG48: 80.469388 | AH48: 63.182353 | AI48: 26.516327 | AJ48: 30.208889 | AK48: 43.370213 | AL48: 17.75625 | AM48: 77.404167 | AN48: 27 | AO48: 111.33864 | AP48: 72.406667 | AQ48: 72.482927 | AR48: 5.2155556 | AS48: 66.347917 | AT48: 109.59362 | AU48: 0 | AV48: 19 | AW48: 41.783333 | AX48: 105.26341 | AY48: 67.110256 | AZ48: 27.7675 | BA48: 78.365 | BB48: 2.7904762 | BC48: 141.8975 | BD48: 72.913158 | BE48: 73.3 | BF48: 118.6 | BG48: 112.4 | BH48: 67.2 | BI48: 139.6 | BJ48: 69.3 | BK48: 81.3 | BL48: 76.5 | BM48: 85.9 | BN48: 76 | BO48: 131.47 | BP48: 140.05 | BQ48: 91.84 | BR48: 69.12 | BS48: 59.12
A49: Jun | B49: 19.477419 | C49: 58.751613 | D49: 89.408824 | E49: 87.367742 | F49: 28.607407 | G49: 88.617647 | H49: 46.548387 | I49: 46.783871 | J49: 53.838889 | K49: 58.751613 | L49: 33 | M49: 57.4 | N49: 33.776667 | O49: 101.26923 | P49: 32.484 | Q49: 60.065385 | R49: 43.492308 | S49: 48.132 | T49: 33.68 | U49: 60.212121 | V49: 11.377778 | W49: 55.494444 | X49: 39.072973 | Y49: 19.966667 | Z49: 35.559375 | AA49: 28.202703 | AB49: 85.421951 | AC49: 28.855556 | AD49: 83.160417 | AE49: 29.412 | AF49: 21.037255 | AG49: 76.920408 | AH49: 118.76863 | AI49: 33.828571 | AJ49: 37.173333 | AK49: 80.282979 | AL49: 77.433333 | AM49: 12.34375 | AN49: 29.763636 | AO49: 37.759091 | AP49: 105.66667 | AQ49: 103.1878 | AR49: 93.864444 | AS49: 31.329167 | AT49: 49.946809 | AU49: 196 | AV49: 50 | AW49: 31.9 | AX49: 40.156098 | AY49: 33.602564 | AZ49: 5.0025 | BA49: 77.675 | BB49: 47.72619 | BC49: 32.295 | BD49: 75.297368 | BE49: 138.8 | BF49: 77.3 | BG49: 40.6 | BH49: 78.9 | BI49: 147.4 | BJ49: 45.2 | BK49: 35.2 | BL49: 55.6 | BM49: 71.7 | BN49: 37 | BO49: 88.21 | BP49: 68.43 | BQ49: 72.57 | BR49: 55.51 | BS49: 103.93
A50: Jul | B50: 120.42903 | C50: 83.434409 | D50: 147.36765 | E50: 220 | F50: 55.514815 | G50: 50.638235 | H50: 21.532258 | I50: 21.948387 | J50: 22.011111 | K50: 83.434409 | L50: 47.653333 | M50: 51.877778 | N50: 25.13 | O50: 503.69615 | P50: 16.604 | Q50: 58.473077 | R50: 97.011538 | S50: 42.172 | T50: 31.744 | U50: 67.00303 | V50: 30.786111 | W50: 12.008333 | X50: 62.016216 | Y50: 107.09444 | Z50: 181.41563 | AA50: 51.608108 | AB50: 63.892683 | AC50: 76.675556 | AD50: 90.475 | AE50: 20.23 | AF50: 76.001961 | AG50: 29.573469 | AH50: 50.427451 | AI50: 131.70816 | AJ50: 62.008889 | AK50: 37.06383 | AL50: 40.977083 | AM50: 116.00625 | AN50: 218.31364 | AO50: 30.795455 | AP50: 36.308889 | AQ50: 56.582927 | AR50: 62.006667 | AS50: 61.979167 | AT50: 94.489362 | AU50: 53 | AV50: 32 | AW50: 118.62143 | AX50: 27.341463 | AY50: 59.458974 | AZ50: 79.4425 | BA50: 13.2425 | BB50: 66.219048 | BC50: 119.8225 | BD50: 94.747368 | BE50: 27.2 | BF50: 112.6 | BG50: 147.8 | BH50: 18 | BI50: 143.1 | BJ50: 120 | BK50: 129.7 | BL50: 56.3 | BM50: 58.3 | BN50: 82 | BO50: 177.14 | BP50: 44.32 | BQ50: 43.82 | BR50: 69.48 | BS50: 286.94
A51: Aug | B51: 25.809677 | C51: 95.592473 | D51: 24.376471 | E51: 212.63226 | F51: 58.37037 | G51: 44.047059 | H51: 36.558065 | I51: 126.27419 | J51: 88.3 | K51: 95.592473 | L51: 71.373333 | M51: 108.33929 | N51: 75.58 | O51: 115.77308 | P51: 155.072 | Q51: 91.138462 | R51: 13.05 | S51: 22.744 | T51: 156.168 | U51: 62.178788 | V51: 141.80556 | W51: 33.544444 | X51: 176.93243 | Y51: 47.777778 | Z51: 106.35625 | AA51: 121.16757 | AB51: 94.631707 | AC51: 35.951111 | AD51: 64.291667 | AE51: 41.738 | AF51: 138.39608 | AG51: 28.608163 | AH51: 95.1 | AI51: 19.867347 | AJ51: 53.451111 | AK51: 43.738298 | AL51: 68.63125 | AM51: 194.59167 | AN51: 17.104545 | AO51: 67.459091 | AP51: 62.426667 | AQ51: 50.3 | AR51: 111.60889 | AS51: 69.7875 | AT51: 167.68936 | AU51: 139 | AV51: 54 | AW51: 161.30714 | AX51: 67.368293 | AY51: 190.2641 | AZ51: 67.7825 | BA51: 27.01 | BB51: 93.221429 | BC51: 28.0025 | BD51: 140.85 | BE51: 71.7 | BF51: 143.3 | BG51: 126.2 | BH51: 120.6 | BI51: 76.3 | BJ51: 133.9 | BK51: 103.8 | BL51: 59.6 | BM51: 45.5 | BN51: 143 | BO51: 48.69 | BP51: 206.27 | BQ51: 32.57 | BR51: 122.7 | BS51: 92.65
A52: Sep | B52: 70.058065 | C52: 142.96452 | D52: 114.97941 | E52: 47.541935 | F52: 160.38889 | G52: 160.77647 | H52: 56.354839 | I52: 140.29677 | J52: 152.25556 | K52: 142.96452 | L52: 103.53667 | M52: 143.85 | N52: 100.29333 | O52: 387.25 | P52: 41.724 | Q52: 197.78462 | R52: 59.665385 | S52: 201.46 | T52: 27.164 | U52: 118.62121 | V52: 100.16667 | W52: 193.34444 | X52: 190.61622 | Y52: 230.00278 | Z52: 157.00313 | AA52: 31.291892 | AB52: 72.353659 | AC52: 209.56818 | AD52: 251.26042 | AE52: 91.06 | AF52: 259.76667 | AG52: 139.00204 | AH52: 154.06275 | AI52: 146.2 | AJ52: 130.80444 | AK52: 171.41915 | AL52: 108.58542 | AM52: 179.37083 | AN52: 159.62955 | AO52: 142.30682 | AP52: 156.74 | AQ52: 86.768293 | AR52: 165.65111 | AS52: 63.222917 | AT52: 78.325532 | AU52: 222 | AV52: 212 | AW52: 138.71905 | AX52: 118.5561 | AY52: 146.99744 | AZ52: 279.5575 | BA52: 82.2425 | BB52: 90.107143 | BC52: 127.9 | BD52: 180.26579 | BE52: 72.3 | BF52: 165.6 | BG52: 192.6 | BH52: 228.8 | BI52: 109.7 | BJ52: 50.4 | BK52: 50 | BL52: 181.6 | BM52: 74.9 | BN52: 82 | BO52: 31.02 | BP52: 291.05 | BQ52: 116.18 | BR52: 127.48 | BS52: 177.64
A53: Oct | B53: 78.193548 | C53: 133.27634 | D53: 325.98824 | E53: 256.04516 | F53: 80.896296 | G53: 366.65882 | H53: 139.10645 | I53: 136.77097 | J53: 48.444444 | K53: 133.27634 | L53: 130.27667 | M53: 205.75714 | N53: 164.58333 | O53: 111.4 | P53: 8.376 | Q53: 115.40385 | R53: 86.223077 | S53: 103.048 | T53: 221.988 | U53: 134.41818 | V53: 133.99444 | W53: 148.25556 | X53: 159.75946 | Y53: 216.21111 | Z53: 219.20625 | AA53: 84.891892 | AB53: 196.13659 | AC53: 77.851111 | AD53: 54.95625 | AE53: 83.632 | AF53: 132.49608 | AG53: 50.169388 | AH53: 51.672549 | AI53: 118.97959 | AJ53: 59.14 | AK53: 70.076596 | AL53: 184.91042 | AM53: 18.3125 | AN53: 64.284091 | AO53: 87.863636 | AP53: 334.00444 | AQ53: 131.20244 | AR53: 200.31556 | AS53: 219.40625 | AT53: 102.91915 | AU53: 80 | AV53: 118 | AW53: 170.43571 | AX53: 121.7122 | AY53: 196.87692 | AZ53: 227.6675 | BA53: 80.4075 | BB53: 155.17381 | BC53: 106.475 | BD53: 291.88158 | BE53: 68.4 | BF53: 120.1 | BG53: 121.2 | BH53: 32.6 | BI53: 40.8 | BJ53: 146.5 | BK53: 120.8 | BL53: 151.7 | BM53: 125.5 | BN53: 300 | BO53: 23.26 | BP53: 329.02 | BQ53: 80.48 | BR53: 177.74 | BS53: 197.71
A54: Nov | B54: 17.441935 | C54: 52.766667 | D54: 5.5647059 | E54: 38.545161 | F54: 25.022222 | G54: 63.297059 | H54: 31.329032 | I54: 58.448387 | J54: 36.422222 | K54: 52.766667 | L54: 19.18 | M54: 17.746429 | N54: 14.463333 | O54: 308.36923 | P54: 23.876 | Q54: 169.06538 | R54: 33.338462 | S54: 11.452 | T54: 63.308 | U54: 19.709091 | V54: 24.727778 | W54: 55.261111 | X54: 27.005405 | Y54: 8.1916667 | Z54: 86.71875 | AA54: 112.77838 | AB54: 92.470732 | AC54: 77.490909 | AD54: 156.9125 | AE54: 84.212 | AF54: 52.309804 | AG54: 96.04898 | AH54: 9.972549 | AI54: 26.04898 | AJ54: 47.226667 | AK54: 87.385106 | AL54: 34.395833 | AM54: 8.5104167 | AN54: 17.170455 | AO54: 53.804545 | AP54: 124.69333 | AQ54: 88.836585 | AR54: 41.213333 | AS54: 39.808333 | AT54: 25.212766 | AU54: 6 | AV54: 64 | AW54: 69.685714 | AX54: 57.141463 | AY54: 23.566667 | AZ54: 42.065 | BA54: 24.47 | BB54: 17.592857 | BC54: 26.9425 | BD54: 111.55789 | BE54: 86.5 | BF54: 24.6 | BG54: 37.7 | BH54: 66.5 | BI54: 178.6 | BJ54: 48.6 | BK54: 101.3 | BL54: 20.9 | BM54: 30.6 | BN54: 52 | BO54: 3.61 | BP54: 39 | BQ54: 31.25 | BR54: 23.71 | BS54: 196.94
A55: Dec | B55: 0 | C55: 11.778495 | D55: 1.0911765 | E55: 25.93871 | F55: 10.051852 | G55: 2.2794118 | H55: 0 | I55: 1.6774194 | J55: 12.283333 | K55: 11.778495 | L55: 1.0033333 | M55: 60.567857 | N55: 7.09 | O55: 10.823077 | P55: 18.44 | Q55: 7.5038462 | R55: 27.203846 | S55: 15.936 | T55: 23.18 | U55: 2.4606061 | V55: 5.3805556 | W55: 82.291667 | X55: 17.532432 | Y55: 0.0055555556 | Z55: 4.765625 | AA55: 5.8054054 | AB55: 0.097560976 | AC55: 34.120455 | AD55: 4.2729167 | AE55: 6.12 | AF55: 5.4647059 | AG55: 1.322449 | AH55: 39.798039 | AI55: 9.6632653 | AJ55: 7.7244444 | AK55: 14.708511 | AL55: 24.96875 | AM55: 15.877083 | AN55: 3.4931818 | AO55: 4.2840909 | AP55: 0 | AQ55: 0.39512195 | AR55: 28.777778 | AS55: 4.5541667 | AT55: 0.010638298 | AU55: 43 | AV55: 26 | AW55: 27.421429 | AX55: 11.24878 | AY55: 3.425641 | AZ55: 11.05 | BA55: 3.445 | BB55: 0.63333333 | BC55: 1.14 | BD55: 20.060526 | BE55: 6.8 | BF55: 49.8 | BG55: 2.1 | BH55: 9.8 | BI55: 16 | BJ55: 11.4 | BK55: 25.6 | BL55: 3.4 | BM55: 8.5 | BN55: 3 | BO55: 80.2 | BP55: 35.08 | BQ55: 4.39 | BR55: 37.12 | BS55: 49.54
A56: Annual
A57: winter
A58: summer
A59: SWMS
A60: NEMS
A62: Tumkur
A63: Year | B63: 1951 | C63: 1952 | D63: 1953 | E63: 1954 | F63: 1955 | G63: 1956 | H63: 1957 | I63: 1958 | J63: 1959 | K63: 1960 | L63: 1961 | M63: 1962 | N63: 1963 | O63: 1964 | P63: 1965 | Q63: 1966 | R63: 1967 | S63: 1968 | T63: 1969 | U63: 1970 | V63: 1971 | W63: 1972 | X63: 1973 | Y63: 1974 | Z63: 1975 | AA63: 1976 | AB63: 1977 | AC63: 1978 | AD63: 1979 | AE63: 1980 | AF63: 1981 | AG63: 1982 | AH63: 1983 | AI63: 1984 | AJ63: 1985 | AK63: 1986 | AL63: 1987 | AM63: 1988 | AN63: 1989 | AO63: 1990 | AP63: 1991 | AQ63: 1992 | AR63: 1993 | AS63: 1994 | AT63: 1995 | AU63: 1996 | AV63: 1997 | AW63: 1998 | AX63: 1999 | AY63: 2000 | AZ63: 2001 | BA63: 2002 | BB63: 2003 | BC63: 2004 | BD63: 2005 | BE63: 2006 | BF63: 2007 | BG63: 2008 | BH63: 2009 | BI63: 2010 | BJ63: 2011 | BK63: 2012 | BL63: 2013 | BM63: 2014 | BN63: 2015 | BO63: 2016 | BP63: 2017 | BQ63: 2018 | BR63: 2019 | BS63: 2020
A64: Jan | B64: 0 | C64: 0 | D64: 0.09047619 | E64: 0.97954545 | F64: 0 | G64: 0 | H64: 0.54418605 | I64: 3.997561 | J64: 0 | K64: 0 | L64: 0.032608696 | M64: 0 | N64: 0.12142857 | O64: 0 | P64: 0.20208333 | Q64: 9.3183673 | R64: 1.7416667 | S64: 0 | T64: 0 | U64: 1.3275862 | V64: 2.3357143 | W64: 0 | X64: 0 | Y64: 0 | Z64: 0.52083333 | AA64: 0 | AB64: 0 | AC64: 0.23728814 | AD64: 0.21428571 | AE64: 0 | AF64: 0.0095238095 | AG64: 26.6 | AH64: 0 | AI64: 0.60625 | AJ64: 0.31875 | AK64: 12.871429 | AL64: 1.2333333 | AM64: 0 | AN64: 0 | AO64: 3.9741935 | AP64: 0.44375 | AQ64: 0.29206349 | AR64: 0 | AS64: 33.020635 | AT64: 0.15873016 | AU64: 0 | AV64: 9 | AW64: 0 | AX64: 0 | AY64: 0 | AZ64: 0.093333333 | BA64: 5.3050847 | BB64: 0 | BC64: 0.16721311 | BD64: 8.752459 | BE64: 0 | BF64: 0 | BG64: 0 | BH64: 0.3 | BI64: 6.6 | BJ64: 0 | BK64: 0 | BL64: 0 | BM64: 0 | BN64: 0 | BO64: 8.49 | BP64: 4.15 | BQ64: 0 | BR64: 3.05 | BS64: 0.04
A65: Feb | B65: 0 | C65: 1.72 | D65: 0 | E65: 0.24090909 | F65: 0 | G65: 0 | H65: 0.11627907 | I65: 1.8878049 | J65: 0.12 | K65: 8.9 | L65: 3.2434783 | M65: 11.8 | N65: 0 | O65: 0 | P65: 1.5354167 | Q65: 0.61020408 | R65: 0 | S65: 10.584783 | T65: 0 | U65: 1.9431034 | V65: 0.091071429 | W65: 0 | X65: 0 | Y65: 0 | Z65: 1.0854167 | AA65: 0.31020408 | AB65: 2.0615385 | AC65: 2.4932203 | AD65: 29.019048 | AE65: 19.2 | AF65: 0.066666667 | AG65: 7.4 | AH65: 0 | AI65: 5.08125 | AJ65: 0 | AK65: 11.587302 | AL65: 0 | AM65: 1.7833333 | AN65: 0 | AO65: 0 | AP65: 0.134375 | AQ65: 0 | AR65: 0 | AS65: 1.0555556 | AT65: 0.066666667 | AU65: 0 | AV65: 0 | AW65: 0 | AX65: 11.560317 | AY65: 19.828571 | AZ65: 0 | BA65: 11.862712 | BB65: 1.0517241 | BC65: 0 | BD65: 7.9360656 | BE65: 0 | BF65: 0 | BG65: 38.8 | BH65: 0 | BI65: 0 | BJ65: 2.7 | BK65: 0 | BL65: 5.8 | BM65: 3.9 | BN65: 0 | BO65: 0.18 | BP65: 0 | BQ65: 4.93 | BR65: 8.24 | BS65: 0
A66: Mar | B66: 13.823333 | C66: 0.5 | D66: 0 | E66: 0.71818182 | F66: 17.306977 | G66: 0.0046511628 | H66: 5.4976744 | I66: 9.9414634 | J66: 0.855 | K66: 0 | L66: 0.26521739 | M66: 1.5674419 | N66: 0.51428571 | O66: 0 | P66: 0.12708333 | Q66: 6.1081633 | R66: 1.8170213 | S66: 12.491304 | T66: 0.21090909 | U66: 0.25 | V66: 2.3 | W66: 0.39482759 | X66: 0.21166667 | Y66: 0.57777778 | Z66: 15.645833 | AA66: 2.1265306 | AB66: 14.067308 | AC66: 2.2779661 | AD66: 3.247619 | AE66: 104.1 | AF66: 9.7109375 | AG66: 0 | AH66: 0.64923077 | AI66: 95.452308 | AJ66: 7.2796875 | AK66: 0.1 | AL66: 6.2866667 | AM66: 5.8116667 | AN66: 13.427692 | AO66: 5.7145161 | AP66: 1.453125 | AQ66: 0 | AR66: 3.8253968 | AS66: 0.40952381 | AT66: 5.1253968 | AU66: 1 | AV66: 9 | AW66: 1.3888889 | AX66: 0.43809524 | AY66: 0 | AZ66: 1.4533333 | BA66: 1.1644068 | BB66: 17.805172 | BC66: 14.647541 | BD66: 1.9442623 | BE66: 76.1 | BF66: 0 | BG66: 92.6 | BH66: 27.1 | BI66: 6.3 | BJ66: 1.7 | BK66: 3.1 | BL66: 3 | BM66: 26.6 | BN66: 6 | BO66: 1.12 | BP66: 16.71 | BQ66: 26.11 | BR66: 0.12 | BS66: 7.7
A67: Apr | B67: 32.503333 | C67: 27.11 | D67: 44.47619 | E67: 12.313636 | F67: 47.238636 | G67: 42.781395 | H67: 18.683721 | I67: 34.463415 | J67: 7.5925 | K67: 64.25 | L67: 33.197826 | M67: 79.556818 | N67: 37.222727 | O67: 8.0065217 | P67: 19.916327 | Q67: 18.170588 | R67: 15.189583 | S67: 24.691304 | T67: 15.364286 | U67: 24.751724 | V67: 14.016071 | W67: 21.26 | X67: 14.354098 | Y67: 22.152727 | Z67: 13.302083 | AA67: 53.728 | AB67: 78.622222 | AC67: 26.354237 | AD67: 16.965079 | AE67: 17.8 | AF67: 10.540625 | AG67: 7.8 | AH67: 3.4184615 | AI67: 11.24375 | AJ67: 28.644615 | AK67: 9.9 | AL67: 3.4333333 | AM67: 69.160656 | AN67: 17.315625 | AO67: 5.7370968 | AP67: 48.592308 | AQ67: 26.948438 | AR67: 9.3063492 | AS67: 38.885937 | AT67: 20.684127 | AU67: 51 | AV67: 15 | AW67: 28.471429 | AX67: 32.736508 | AY67: 22.831746 | AZ67: 77.578333 | BA67: 11.188136 | BB67: 20.775862 | BC67: 50.444262 | BD67: 52.193443 | BE67: 23.3 | BF67: 26.3 | BG67: 14.9 | BH67: 23.8 | BI67: 79.8 | BJ67: 91.2 | BK67: 117.5 | BL67: 22.5 | BM67: 24 | BN67: 64 | BO67: 8.51 | BP67: 26.74 | BQ67: 24.14 | BR67: 30.57 | BS67: 65.86
A68: May | B68: 94.583333 | C68: 72.95 | D68: 28.140476 | E68: 114.01818 | F68: 101.45 | G68: 29.469767 | H68: 96.381818 | I68: 90.643902 | J68: 72.2425 | K68: 64.15 | L68: 75.887234 | M68: 69.002273 | N68: 40.663636 | O68: 31.502174 | P68: 28.3 | Q68: 73.378431 | R68: 211.19792 | S68: 63.484783 | T68: 74.52807 | U68: 114.23667 | V68: 90.970175 | W68: 208.53729 | X68: 61.111475 | Y68: 122.13036 | Z68: 93.1 | AA68: 21.86 | AB68: 138.75 | AC68: 80.655932 | AD68: 38.934921 | AE68: 40 | AF68: 85.30625 | AG68: 34.6 | AH68: 52.298485 | AI68: 38.387692 | AJ68: 62.213846 | AK68: 36.447619 | AL68: 53.229508 | AM68: 103.42787 | AN68: 45.783077 | AO68: 97.439683 | AP68: 87.223077 | AQ68: 81.614063 | AR68: 41.825397 | AS68: 63.842188 | AT68: 49.779688 | AU68: 77 | AV68: 37 | AW68: 38.665079 | AX68: 111.30635 | AY68: 49.057143 | AZ68: 13.426667 | BA68: 68.998305 | BB68: 3.9034483 | BC68: 142.4541 | BD68: 69.537705 | BE68: 88.6 | BF68: 122.8 | BG68: 94.6 | BH68: 117.5 | BI68: 114.9 | BJ68: 103.1 | BK68: 37.7 | BL68: 84.9 | BM68: 98.4 | BN68: 101 | BO68: 89.11 | BP68: 150.03 | BQ68: 131.21 | BR68: 87.27 | BS68: 72.76
A69: Jun | B69: 47.803333 | C69: 22.98 | D69: 69.371429 | E69: 13.909091 | F69: 21.218605 | G69: 32.763636 | H69: 72.327273 | I69: 41.187805 | J69: 87.1975 | K69: 8.9 | L69: 48.819149 | M69: 24.346512 | N69: 36.527907 | O69: 43.33913 | P69: 35.687755 | Q69: 72.464706 | R69: 49.335417 | S69: 41.346809 | T69: 16.598214 | U69: 30.245 | V69: 23.432143 | W69: 58.208475 | X69: 61.01 | Y69: 26.321818 | Z69: 36.75 | AA69: 14.828 | AB69: 82.984906 | AC69: 32.832203 | AD69: 81.322222 | AE69: 54.4 | AF69: 22.196875 | AG69: 106.2 | AH69: 78.990909 | AI69: 32.370769 | AJ69: 44.86 | AK69: 86.250794 | AL69: 96.690164 | AM69: 12.368852 | AN69: 60.616923 | AO69: 26.479365 | AP69: 102.98 | AQ69: 128.70625 | AR69: 107.39375 | AS69: 25.804688 | AT69: 42.545313 | AU69: 94 | AV69: 73 | AW69: 41.377778 | AX69: 24.403175 | AY69: 34.146032 | AZ69: 13.411667 | BA69: 71.864407 | BB69: 39.613793 | BC69: 41.865574 | BD69: 39.035 | BE69: 109.9 | BF69: 108.8 | BG69: 77.8 | BH69: 81.4 | BI69: 74.6 | BJ69: 56.8 | BK69: 17.2 | BL69: 59.8 | BM69: 66.6 | BN69: 73 | BO69: 123.96 | BP69: 49.31 | BQ69: 102.96 | BR69: 89.69 | BS69: 110.43
A70: Jul | B70: 58.13 | C70: 77.72 | D70: 128.97619 | E70: 75.209091 | F70: 43.562791 | G70: 41.067442 | H70: 25.002326 | I70: 16.143902 | J70: 35.9225 | K70: 5.55 | L70: 31.842553 | M70: 20.754545 | N70: 27.065116 | O70: 113.94783 | P70: 26.569388 | Q70: 48.106 | R70: 203.52245 | S70: 24.568085 | T70: 20.194643 | U70: 38.91 | V70: 26.921053 | W70: 19.112069 | X70: 37.36 | Y70: 67.491071 | Z70: 192.93061 | AA70: 41.056863 | AB70: 54.368519 | AC70: 73.281356 | AD70: 62.161905 | AE70: 42 | AF70: 66.745312 | AG70: 165 | AH70: 56.422727 | AI70: 79.566154 | AJ70: 55.404615 | AK70: 44.352381 | AL70: 35.885246 | AM70: 125.43443 | AN70: 164.51231 | AO70: 39.177778 | AP70: 23.632308 | AQ70: 73.842187 | AR70: 37.1125 | AS70: 50.15625 | AT70: 85.05625 | AU70: 46 | AV70: 35 | AW70: 138.46508 | AX70: 24.806349 | AY70: 36.125397 | AZ70: 48.231667 | BA70: 26.184746 | BB70: 57.574138 | BC70: 120.51803 | BD70: 146.58197 | BE70: 40.7 | BF70: 92.4 | BG70: 139.1 | BH70: 42.9 | BI70: 127.6 | BJ70: 65.3 | BK70: 40.6 | BL70: 41.8 | BM70: 48 | BN70: 31 | BO70: 152.11 | BP70: 39.27 | BQ70: 53.66 | BR70: 42.37 | BS70: 179.7
A71: Aug | B71: 8.6966667 | C71: 61.92 | D71: 24.316667 | E71: 72.786364 | F71: 53.465909 | G71: 20.965116 | H71: 35.013953 | I71: 71.402439 | J71: 44.9875 | K71: 59.55 | L71: 49.568085 | M71: 83.902273 | N71: 62.213636 | O71: 59.663043 | P71: 79.642857 | Q71: 35.521569 | R71: 19.658333 | S71: 9.1108696 | T71: 158.09123 | U71: 36.161667 | V71: 137.12632 | W71: 30.868966 | X71: 113.91148 | Y71: 34.996429 | Z71: 105.8102 | AA71: 53.647059 | AB71: 98.309259 | AC71: 41.322034 | AD71: 55.815873 | AE71: 46.6 | AF71: 112.19844 | AG71: 40.4 | AH71: 112.71364 | AI71: 24.464615 | AJ71: 28.170313 | AK71: 47.355556 | AL71: 79.688525 | AM71: 218.74098 | AN71: 31.801538 | AO71: 62.180952 | AP71: 52.316923 | AQ71: 84.514062 | AR71: 59.876562 | AS71: 42.006349 | AT71: 133.49062 | AU71: 103 | AV71: 43 | AW71: 201.13175 | AX71: 71.236508 | AY71: 222.63492 | AZ71: 59.768333 | BA71: 24.423729 | BB71: 73.375862 | BC71: 33.92623 | BD71: 121.51639 | BE71: 18.8 | BF71: 150.1 | BG71: 216.8 | BH71: 142 | BI71: 164.5 | BJ71: 86.9 | BK71: 146.3 | BL71: 58.9 | BM71: 123.3 | BN71: 86 | BO71: 32.03 | BP71: 117.18 | BQ71: 62.35 | BR71: 116.66 | BS71: 72.53
A72: Sep | B72: 138.14 | C72: 56.52 | D72: 111.47381 | E72: 11.331818 | F72: 199.22955 | G72: 104.10227 | H72: 32.102273 | I72: 98.656098 | J72: 184.535 | K72: 74.2 | L72: 26.002128 | M72: 125.14091 | N72: 95.293182 | O72: 228.22609 | P72: 45.130612 | Q72: 168.968 | R72: 114.51837 | S72: 203.91277 | T72: 41.082456 | U72: 126.75333 | V72: 163.49825 | W72: 153.36333 | X72: 125.98361 | Y72: 215.17857 | Z72: 250.87143 | AA72: 40.034 | AB72: 124.12264 | AC72: 159.70508 | AD72: 250.08254 | AE72: 73 | AF72: 287.825 | AG72: 308 | AH72: 147.66364 | AI72: 162.10769 | AJ72: 146.14923 | AK72: 216.8873 | AL72: 126.74426 | AM72: 209.52295 | AN72: 183.51692 | AO72: 28.606349 | AP72: 123.09077 | AQ72: 88.639683 | AR72: 90.309375 | AS72: 71.6875 | AT72: 72.217187 | AU72: 231 | AV72: 176 | AW72: 135.20635 | AX72: 102.42381 | AY72: 134.35079 | AZ72: 258.52833 | BA72: 65.838983 | BB72: 24.522414 | BC72: 103.6459 | BD72: 84.234426 | BE72: 58.8 | BF72: 171.6 | BG72: 135.8 | BH72: 220.9 | BI72: 109.8 | BJ72: 41.5 | BK72: 72.1 | BL72: 253.5 | BM72: 113.4 | BN72: 225 | BO72: 36.67 | BP72: 261.71 | BQ72: 115 | BR72: 190.32 | BS72: 231.46
A73: Oct | B73: 62.906667 | C73: 180.73 | D73: 323.19524 | E73: 159.38409 | F73: 141.87727 | G73: 253.98182 | H73: 135.77674 | I73: 77.729268 | J73: 33.4175 | K73: 70.3 | L73: 151.07234 | M73: 141.19545 | N73: 197.875 | O73: 105.53261 | P73: 10.410204 | Q73: 112.28235 | R73: 116.55417 | S73: 58.008511 | T73: 148.5807 | U73: 199.79833 | V73: 117.33333 | W73: 117.25833 | X73: 183.26721 | Y73: 190.63036 | Z73: 144.43542 | AA73: 44.522 | AB73: 214.525 | AC73: 87.408475 | AD73: 103.01746 | AE73: 194.4 | AF73: 118.88125 | AG73: 40 | AH73: 72.581818 | AI73: 124.80923 | AJ73: 49.032308 | AK73: 48.746774 | AL73: 189.87869 | AM73: 21.422951 | AN73: 57.021538 | AO73: 117.45397 | AP73: 225.96154 | AQ73: 130.83492 | AR73: 200.43281 | AS73: 168.22969 | AT73: 80.529687 | AU73: 70 | AV73: 106 | AW73: 112.76349 | AX73: 240.33016 | AY73: 263.64921 | AZ73: 120.00333 | BA73: 119.11356 | BB73: 180.92931 | BC73: 96.642623 | BD73: 244.30492 | BE73: 75.3 | BF73: 140.9 | BG73: 118.2 | BH73: 68.6 | BI73: 118 | BJ73: 133.7 | BK73: 38 | BL73: 95.4 | BM73: 172.1 | BN73: 147 | BO73: 21.82 | BP73: 233.91 | BQ73: 102.41 | BR73: 243.39 | BS73: 171.81
A74: Nov | B74: 11.586667 | C74: 0 | D74: 0.20714286 | E74: 0.77045455 | F74: 17.402273 | G74: 92.4 | H74: 58.65814 | I74: 46.760976 | J74: 13.2225 | K74: 11.45 | L74: 13.48913 | M74: 19.472093 | N74: 9.455814 | O74: 85.302174 | P74: 39.530612 | Q74: 89.648 | R74: 13.646809 | S74: 23.456522 | T74: 31.528571 | U74: 9.5728814 | V74: 8.5357143 | W74: 26.744068 | X74: 21.752459 | Y74: 4.2759259 | Z74: 92.058333 | AA74: 61.82 | AB74: 59.203846 | AC74: 63.020339 | AD74: 80.049206 | AE74: 8.3 | AF74: 39.948437 | AG74: 104.6 | AH74: 11.109091 | AI74: 6.5338462 | AJ74: 22.307692 | AK74: 105.19206 | AL74: 78.993443 | AM74: 6.747541 | AN74: 5.4734375 | AO74: 46.401587 | AP74: 65.269231 | AQ74: 43.215625 | AR74: 15.668254 | AS74: 16.14375 | AT74: 23.34127 | AU74: 2 | AV74: 102 | AW74: 31.915873 | AX74: 32.704762 | AY74: 3.3809524 | AZ74: 26.945 | BA74: 22.423729 | BB74: 6.3310345 | BC74: 15.108197 | BD74: 58.02459 | BE74: 92.3 | BF74: 12.7 | BG74: 26.7 | BH74: 45.6 | BI74: 179.5 | BJ74: 31.4 | BK74: 85.7 | BL74: 28.3 | BM74: 18.7 | BN74: 161 | BO74: 4.82 | BP74: 14.64 | BQ74: 20.42 | BR74: 23.19 | BS74: 39.23
A75: Dec | B75: 0 | C75: 80.49 | D75: 0 | E75: 17.304545 | F75: 1.1372093 | G75: 0.44651163 | H75: 0 | I75: 0.25365854 | J75: 6.2975 | K75: 20.25 | L75: 0.1826087 | M75: 52.216279 | N75: 5.8906977 | O75: 1.5133333 | P75: 4.7041667 | Q75: 3.5795918 | R75: 16.808511 | S75: 0.20222222 | T75: 17.289286 | U75: 0.90689655 | V75: 8.1607143 | W75: 19.530508 | X75: 6.6133333 | Y75: 0 | Z75: 2.1208333 | AA75: 1.6061224 | AB75: 0.019230769 | AC75: 36.638983 | AD75: 1.2920635 | AE75: 1.6 | AF75: 4.4063492 | AG75: 10 | AH75: 32.583333 | AI75: 1.08125 | AJ75: 4.7446154 | AK75: 3.4903226 | AL75: 18.339344 | AM75: 29.260656 | AN75: 5.85625 | AO75: 2.5645161 | AP75: 0 | AQ75: 0.22222222 | AR75: 21.28254 | AS75: 0.18730159 | AT75: 0 | AU75: 9 | AV75: 19 | AW75: 1.3222222 | AX75: 2.268254 | AY75: 1.3333333 | AZ75: 1.52 | BA75: 0.70847458 | BB75: 0.044827586 | BC75: 0 | BD75: 2.7508197 | BE75: 0.1 | BF75: 4.9 | BG75: 0.6 | BH75: 3.5 | BI75: 0.1 | BJ75: 1.6 | BK75: 1.7 | BL75: 0.3 | BM75: 8.8 | BN75: 3 | BO75: 36.2 | BP75: 3.99 | BQ75: 2.03 | BR75: 15.07 | BS75: 17.24
A76: Annual
A77: winter
A78: summer
A79: SWMS
A80: NEMS
A82: Chitradurga
A83: Year | B83: 1951 | C83: 1952 | D83: 1953 | E83: 1954 | F83: 1955 | G83: 1956 | H83: 1957 | I83: 1958 | J83: 1959 | K83: 1960 | L83: 1961 | M83: 1962 | N83: 1963 | O83: 1964 | P83: 1965 | Q83: 1966 | R83: 1967 | S83: 1968 | T83: 1969 | U83: 1970 | V83: 1971 | W83: 1972 | X83: 1973 | Y83: 1974 | Z83: 1975 | AA83: 1976 | AB83: 1977 | AC83: 1978 | AD83: 1979 | AE83: 1980 | AF83: 1981 | AG83: 1982 | AH83: 1983 | AI83: 1984 | AJ83: 1985 | AK83: 1986 | AL83: 1987 | AM83: 1988 | AN83: 1989 | AO83: 1990 | AP83: 1991 | AQ83: 1992 | AR83: 1993 | AS83: 1994 | AT83: 1995 | AU83: 1996 | AV83: 1997 | AW83: 1998 | AX83: 1999 | AY83: 2000 | AZ83: 2001 | BA83: 2002 | BB83: 2003 | BC83: 2004 | BD83: 2005 | BE83: 2006 | BF83: 2007 | BG83: 2008 | BH83: 2009 | BI83: 2010 | BJ83: 2011 | BK83: 2012 | BL83: 2013 | BM83: 2014 | BN83: 2015 | BO83: 2016 | BP83: 2017 | BQ83: 2018 | BR83: 2019 | BS83: 2020
A84: Jan | B84: 0 | C84: 0 | D84: 0 | E84: 0 | F84: 0 | G84: 0 | H84: 0 | I84: 0.13157895 | J84: 0 | K84: 0 | L84: 0.24 | M84: 0 | N84: 0 | O84: 0 | P84: 1.3333333 | Q84: 1.4227273 | R84: 0.49090909 | S84: 0 | T84: 0 | U84: 2.2172414 | V84: 0.05 | W84: 0 | X84: 0 | Y84: 0 | Z84: 2.4944444 | AA84: 0 | AB84: 0 | AC84: 0.027777778 | AD84: 0 | AE84: 0 | AF84: Jan | AG84: 0.075675676 | AH84: 0 | AI84: 0 | AJ84: 0.033333333 | AK84: 0.73684211 | AL84: 11.0325 | AM84: 0 | AN84: 0.064102564 | AO84: 0 | AP84: 0.63684211 | AQ84: 0 | AR84: 0 | AS84: 0 | AT84: 10.810526 | AU84: 7.5 | AV84: 0 | AW84: 7 | AX84: 0 | AY84: 0 | AZ84: 0 | BA84: 0 | BB84: 2.9612903 | BC84: 0 | BD84: 0.7137931 | BE84: 5.9133333 | BF84: 1.6 | BG84: 0 | BH84: 0 | BI84: 0 | BJ84: 7.5 | BK84: 0 | BL84: 0 | BM84: 0 | BN84: 0.3 | BO84: 0 | BP84: 4.16 | BQ84: 2.83 | BR84: 0 | BS84: 5.31 | BT84: 0.3
A85: Feb | B85: 0 | C85: 19.18 | D85: 0 | E85: 0 | F85: 0 | G85: 0.84347826 | H85: 0 | I85: 0 | J85: 0 | K85: 0 | L85: 2.245 | M85: 2.4 | N85: 0 | O85: 0 | P85: 0 | Q85: 0 | R85: 0 | S85: 3.6473684 | T85: 0 | U85: 0 | V85: 1.71 | W85: 0.17241379 | X85: 0 | Y85: 0 | Z85: 0.086111111 | AA85: 0 | AB85: 2.9333333 | AC85: 5.4916667 | AD85: 1.4914286 | AE85: 0 | AF85: Feb | AG85: 0 | AH85: 0 | AI85: 0 | AJ85: 1.6388889 | AK85: 0 | AL85: 10.6375 | AM85: 0 | AN85: 0.15641026 | AO85: 0 | AP85: 0 | AQ85: 0 | AR85: 0 | AS85: 0 | AT85: 0.93157895 | AU85: 0 | AV85: 0 | AW85: 0 | AX85: 0 | AY85: 0.64137931 | AZ85: 10.98125 | BA85: 0 | BB85: 20.525806 | BC85: 0.74193548 | BD85: 0 | BE85: 3.9433333 | BF85: 0 | BG85: 0.2 | BH85: 40.7 | BI85: 0 | BJ85: 0 | BK85: 0.3 | BL85: 0 | BM85: 4.7 | BN85: 1.4 | BO85: 1 | BP85: 0.08 | BQ85: 0 | BR85: 1.94 | BS85: 5.58 | BT85: 0
A86: Mar | B86: 10.91875 | C86: 0 | D86: 0 | E86: 0.4 | F86: 6.2375 | G86: 4.4173913 | H86: 5.9391304 | I86: 4.9105263 | J86: 0 | K86: 14.772727 | L86: 0 | M86: 2.9 | N86: 19.857143 | O86: 0 | P86: 0.40952381 | Q86: 0 | R86: 0.44090909 | S86: 2.1105263 | T86: 0 | U86: 0 | V86: 0 | W86: 0 | X86: 0 | Y86: 1.5 | Z86: 13.647222 | AA86: 0.20857143 | AB86: 4.9361111 | AC86: 1.1861111 | AD86: 3.8114286 | AE86: 0.36111111 | AF86: Mar | AG86: 8.2405405 | AH86: 0 | AI86: 0.32432432 | AJ86: 30.508333 | AK86: 10.668421 | AL86: 3.3 | AM86: 0.125 | AN86: 2.0487179 | AO86: 16.041026 | AP86: 0.1 | AQ86: 0.28717949 | AR86: 0 | AS86: 1.8945946 | AT86: 2.1 | AU86: 0.48333333 | AV86: 0 | AW86: 9 | AX86: 0.20645161 | AY86: 0.42758621 | AZ86: 0 | BA86: 2.34375 | BB86: 0 | BC86: 14.232258 | BD86: 8.9034483 | BE86: 1.48 | BF86: 38 | BG86: 1.4 | BH86: 195.1 | BI86: 8.1 | BJ86: 1.4 | BK86: 1.5 | BL86: 0 | BM86: 2.8 | BN86: 18.7 | BO86: 10 | BP86: 0.28 | BQ86: 4.55 | BR86: 20.52 | BS86: 0.16 | BT86: 2.88
A87: Apr | B87: 14.46875 | C87: 19.32 | D87: 42.178947 | E87: 22 | F87: 29.466667 | G87: 78.513043 | H87: 6.2478261 | I87: 29.621053 | J87: 39.86 | K87: 14.477273 | L87: 40.695 | M87: 43.36 | N87: 21.585714 | O87: 1.7142857 | P87: 7.1190476 | Q87: 6.1909091 | R87: 20.204545 | S87: 20.105263 | T87: 9.3153846 | U87: 39.62069 | V87: 12.05 | W87: 20.210345 | X87: 7.9827586 | Y87: 27.444828 | Z87: 19.683333 | AA87: 57.2 | AB87: 30.183333 | AC87: 23.961111 | AD87: 9.9285714 | AE87: 69.191667 | AF87: Apr | AG87: 11.07027 | AH87: 14.143243 | AI87: 0.61081081 | AJ87: 31.219444 | AK87: 30.955263 | AL87: 11.72 | AM87: 3.8125 | AN87: 63.169231 | AO87: 15.602564 | AP87: 8.5684211 | AQ87: 47.902564 | AR87: 20.218421 | AS87: 15.789189 | AT87: 25.644737 | AU87: 9.2833333 | AV87: 23 | AW87: 8 | AX87: 17.448387 | AY87: 28.434483 | AZ87: 10.009375 | BA87: 64.515625 | BB87: 6.6419355 | BC87: 19.735484 | BD87: 56.306897 | BE87: 82.223333 | BF87: 23.1 | BG87: 30.8 | BH87: 31.8 | BI87: 5.8 | BJ87: 93.2 | BK87: 57.7 | BL87: 131.4 | BM87: 16.3 | BN87: 53.9 | BO87: 43 | BP87: 4.87 | BQ87: 11.9 | BR87: 21.09 | BS87: 14 | BT87: 34.19
A88: May | B88: 96.93125 | C88: 44.44 | D88: 7.4631579 | E88: 86.789474 | F88: 155.96667 | G88: 37.7 | H88: 115.33478 | I88: 89.4 | J88: 372.96 | K88: 58.909091 | L88: 98.67 | M88: 56.095 | N88: 68.780952 | O88: 19.428571 | P88: 19.433333 | Q88: 59.418182 | R88: 91.245455 | S88: 31.405263 | T88: 71.215385 | U88: 100.13793 | V88: 54.21 | W88: 158.15517 | X88: 27.431034 | Y88: 98.368966 | Z88: 80.369444 | AA88: 7.8657143 | AB88: 130.20556 | AC88: 53.547222 | AD88: 20.268571 | AE88: 52.694444 | AF88: May | AG88: 50.4 | AH88: 83.386486 | AI88: 55.994595 | AJ88: 30.469444 | AK88: 40.231579 | AL88: 26.94 | AM88: 57.765 | AN88: 124.06667 | AO88: 18.351282 | AP88: 92.828947 | AQ88: 102.86154 | AR88: 53.826316 | AS88: 41.791892 | AT88: 47.497368 | AU88: 28.119444 | AV88: 41 | AW88: 22 | AX88: 25.858065 | AY88: 73.868966 | AZ88: 32.459375 | BA88: 8.234375 | BB88: 59.051613 | BC88: 0.20645161 | BD88: 153.7931 | BE88: 54.826667 | BF88: 189.9 | BG88: 86.7 | BH88: 49.2 | BI88: 148.3 | BJ88: 140.2 | BK88: 52.3 | BL88: 44.3 | BM88: 110.4 | BN88: 142.4 | BO88: 111 | BP88: 64.82 | BQ88: 71.53 | BR88: 99.82 | BS88: 51.5 | BT88: 65.15
A89: Jun | B89: 31.79375 | C89: 13.54 | D89: 31.384211 | E89: 13.9 | F89: 14.933333 | G89: 40.769565 | H89: 104.28261 | I89: 22.494737 | J89: 267.87 | K89: 19.490909 | L89: 40.79 | M89: 32.585 | N89: 37.82381 | O89: 32.409524 | P89: 21.814286 | Q89: 40.386364 | R89: 19.627273 | S89: 29.926316 | T89: 20.584615 | U89: 13.910345 | V89: 23.256667 | W89: 48.310345 | X89: 99.048276 | Y89: 15.317241 | Z89: 44.602778 | AA89: 9.52 | AB89: 44.516667 | AC89: 39.041667 | AD89: 71.834286 | AE89: 53.019444 | AF89: Jun | AG89: 22.372973 | AH89: 56.140541 | AI89: 107.14865 | AJ89: 41.397222 | AK89: 37.552632 | AL89: 88.2725 | AM89: 68.4725 | AN89: 22.705128 | AO89: 36.748718 | AP89: 41.165789 | AQ89: 115.11282 | AR89: 126.54211 | AS89: 69.764865 | AT89: 40.847368 | AU89: 28.122222 | AV89: 89 | AW89: 87 | AX89: 44.903226 | AY89: 25.7 | AZ89: 23.21875 | BA89: 28.103125 | BB89: 60.896774 | BC89: 17.454839 | BD89: 44.213793 | BE89: 42.306667 | BF89: 389.9 | BG89: 525.3 | BH89: 402.5 | BI89: 61.8 | BJ89: 44 | BK89: 46.9 | BL89: 20.3 | BM89: 86.8 | BN89: 55.9 | BO89: 64 | BP89: 78.92 | BQ89: 42.8 | BR89: 87.77 | BS89: 75.02 | BT89: 88.51
A90: Jul | B90: 48.275 | C90: 37.6 | D90: 92.868421 | E90: 94.5 | F90: 27.866667 | G90: 69.769565 | H90: 39.913043 | I90: 34.021053 | J90: 340.5 | K90: 71.118182 | L90: 48.07 | M90: 37.215 | N90: 15.22381 | O90: 136.85238 | P90: 12.909524 | Q90: 76.45 | R90: 57.040909 | S90: 19.278947 | T90: 20.930769 | U90: 24.775862 | V90: 14.793333 | W90: 30.137931 | X90: 25.424138 | Y90: 29.848276 | Z90: 165.3 | AA90: 25.157143 | AB90: 61.358333 | AC90: 92.3 | AD90: 50.448571 | AE90: 48.238889 | AF90: Jul | AG90: 35.824324 | AH90: 41.386486 | AI90: 26.456757 | AJ90: 48.083333 | AK90: 45.094737 | AL90: 34.7375 | AM90: 13.86 | AN90: 94.894872 | AO90: 135.35128 | AP90: 46.25 | AQ90: 43.8 | AR90: 41.273684 | AS90: 58.089189 | AT90: 66.223684 | AU90: 41.280556 | AV90: 37 | AW90: 43 | AX90: 70.232258 | AY90: 51.613793 | AZ90: 51.753125 | BA90: 46.09375 | BB90: 24.903226 | BC90: 22.058065 | BD90: 85.641379 | BE90: 185.86667 | BF90: 695.9 | BG90: 734.9 | BH90: 480.8 | BI90: 55.3 | BJ90: 121.6 | BK90: 37.4 | BL90: 40.7 | BM90: 77.9 | BN90: 96.9 | BO90: 35 | BP90: 77.31 | BQ90: 36.69 | BR90: 37.41 | BS90: 36.8 | BT90: 160.89
A91: Aug | B91: 5.93125 | C91: 41.8 | D91: 12.6 | E91: 45.152632 | F91: 58.891667 | G91: 19.256522 | H91: 28.365217 | I91: 93.173684 | J91: 125.505 | K91: 6.8636364 | L91: 17.83 | M91: 55.345 | N91: 59.109524 | O91: 44.461905 | P91: 49.82381 | Q91: 19.472727 | R91: 20.036364 | S91: 18.268421 | T91: 126.19231 | U91: 36.544828 | V91: 95.443333 | W91: 12.67931 | X91: 42.172414 | Y91: 28.862069 | Z91: 78.097222 | AA91: 29.248571 | AB91: 81.088889 | AC91: 35.113889 | AD91: 92.231429 | AE91: 29.683333 | AF91: Aug | AG91: 79.208108 | AH91: 32.143243 | AI91: 76.651351 | AJ91: 19.083333 | AK91: 27.884211 | AL91: 69.0625 | AM91: 94.8775 | AN91: 162.46923 | AO91: 41.033333 | AP91: 55.968421 | AQ91: 45.971795 | AR91: 67.184211 | AS91: 41.240541 | AT91: 33.131579 | AU91: 74.186111 | AV91: 113 | AW91: 58 | AX91: 104.06774 | AY91: 32.017241 | AZ91: 211.46562 | BA91: 67.175 | BB91: 36.519355 | BC91: 82.625806 | BD91: 46.548276 | BE91: 116.26 | BF91: 516.7 | BG91: 623.5 | BH91: 629.3 | BI91: 152.4 | BJ91: 191.8 | BK91: 58.5 | BL91: 139.9 | BM91: 57.9 | BN91: 179.7 | BO91: 80 | BP91: 18.1 | BQ91: 83.3 | BR91: 43.81 | BS91: 88.43 | BT91: 52.69
A92: Sep | B92: 131.8875 | C92: 84.72 | D92: 77.315789 | E92: 7.3157895 | F92: 212.60833 | G92: 53.782609 | H92: 28.76087 | I92: 85.373684 | J92: 564.725 | K92: 100.41364 | L92: 10.01 | M92: 60.325 | N92: 51.947619 | O92: 75.52381 | P92: 48.447619 | Q92: 94.927273 | R92: 19.731818 | S92: 168.77895 | T92: 27.911538 | U92: 89.058621 | V92: 145.02667 | W92: 133.6931 | X92: 61.410345 | Y92: 256.36552 | Z92: 184.51111 | AA92: 22.631429 | AB92: 138.375 | AC92: 96.786111 | AD92: 210.09714 | AE92: 152.9 | AF92: Sep | AG92: 189.20811 | AH92: 173.65405 | AI92: 105.75135 | AJ92: 149.87778 | AK92: 108.15526 | AL92: 191.1075 | AM92: 125.5225 | AN92: 161.66923 | AO92: 182.37179 | AP92: 7.5894737 | AQ92: 65.4 | AR92: 82.121053 | AS92: 72.6 | AT92: 64.378947 | AU92: 50.280556 | AV92: 157 | AW92: 40 | AX92: 117.92903 | AY92: 96.506897 | AZ92: 147.09688 | BA92: 208.45 | BB92: 51.36129 | BC92: 9.7322581 | BD92: 102.15862 | BE92: 101.9 | BF92: 233.6 | BG92: 400 | BH92: 230.2 | BI92: 226 | BJ92: 81.6 | BK92: 26.9 | BL92: 61.6 | BM92: 167.8 | BN92: 82.6 | BO92: 141 | BP92: 38.84 | BQ92: 207.53 | BR92: 76.44 | BS92: 194.81 | BT92: 213.86
A93: Oct | B93: 61.025 | C93: 179.66 | D93: 300.94211 | E93: 123.15789 | F93: 120.6 | G93: 194.7 | H93: 220.43913 | I93: 67.394737 | J93: 107.44 | K93: 67.759091 | L93: 143.78 | M93: 121.05 | N93: 162.67619 | O93: 72.814286 | P93: 0.46190476 | Q93: 104.06364 | R93: 90.186364 | S93: 73.215789 | T93: 148.45385 | U93: 145.86897 | V93: 73.21 | W93: 82.372414 | X93: 100.73448 | Y93: 97.134483 | Z93: 110.27222 | AA93: 17.571429 | AB93: 165.84167 | AC93: 77.277778 | AD93: 56.528571 | AE93: 61.266667 | AF93: Oct | AG93: 90.437838 | AH93: 103.9973 | AI93: 59.378378 | AJ93: 106.86667 | AK93: 45.602632 | AL93: 29.07 | AM93: 199.795 | AN93: 2.7025641 | AO93: 23.515385 | AP93: 85.397368 | AQ93: 116.07179 | AR93: 96.855263 | AS93: 178.55405 | AT93: 193.41053 | AU93: 79.038889 | AV93: 108 | AW93: 89 | AX93: 124.10645 | AY93: 273.30345 | AZ93: 195.82812 | BA93: 67.684375 | BB93: 169.88065 | BC93: 169.66774 | BD93: 58.2 | BE93: 169.18333 | BF93: 57.5 | BG93: 214.5 | BH93: 103.3 | BI93: 99.4 | BJ93: 93.3 | BK93: 115.9 | BL93: 35 | BM93: 55.5 | BN93: 177.5 | BO93: 115 | BP93: 17.17 | BQ93: 195.29 | BR93: 100.2 | BS93: 237.77 | BT93: 129.04
A94: Nov | B94: 13.14375 | C94: 0 | D94: 0 | E94: 0 | F94: 6.2083333 | G94: 95.778261 | H94: 36.065217 | I94: 24.805263 | J94: 89.81 | K94: 21.463636 | L94: 0.975 | M94: 23.435 | N94: 13.228571 | O94: 18.861905 | P94: 36.233333 | Q94: 57.804545 | R94: 0.22727273 | S94: 14.152632 | T94: 0.98846154 | U94: 0.31034483 | V94: 1.53 | W94: 24.755172 | X94: 8.5034483 | Y94: 0.15862069 | Z94: 99.425 | AA94: 57.391429 | AB94: 54.8 | AC94: 67.847222 | AD94: 79.711429 | AE94: 53.208333 | AF94: Nov | AG94: 27.032432 | AH94: 48.27027 | AI94: 3.9216216 | AJ94: 1.7472222 | AK94: 6.3368421 | AL94: 94.215 | AM94: 47.9675 | AN94: 0.076923077 | AO94: 13.282051 | AP94: 65.942105 | AQ94: 35.069231 | AR94: 142.03947 | AS94: 27.764865 | AT94: 6.1184211 | AU94: 8.6944444 | AV94: 2 | AW94: 108 | AX94: 23.422581 | AY94: 16.351724 | AZ94: 6.01875 | BA94: 11.86875 | BB94: 10.667742 | BC94: 2.0709677 | BD94: 8.0206897 | BE94: 45.05 | BF94: 134.6 | BG94: 15.2 | BH94: 17.3 | BI94: 59.8 | BJ94: 196.9 | BK94: 19.9 | BL94: 102 | BM94: 3.6 | BN94: 35.6 | BO94: 55 | BP94: 0.59 | BQ94: 4.78 | BR94: 21.24 | BS94: 17.42 | BT94: 22.65
A95: Dec | B95: 0 | C95: 28.08 | D95: 0 | E95: 9.7 | F95: 0 | G95: 0 | H95: 0 | I95: 0 | J95: 2.855 | K95: 0 | L95: 0 | M95: 76.76 | N95: 1.0904762 | O95: 1.3333333 | P95: 20.566667 | Q95: 10.677273 | R95: 1.6454545 | S95: 0.49473684 | T95: 2.6807692 | U95: 0.048275862 | V95: 0 | W95: 3.7724138 | X95: 2.0482759 | Y95: 0 | Z95: 2.6611111 | AA95: 0 | AB95: 0.041666667 | AC95: 18.680556 | AD95: 0 | AE95: 1.225 | AF95: Dec | AG95: 0.67297297 | AH95: 0 | AI95: 20.786486 | AJ95: 1.8388889 | AK95: 0.76315789 | AL95: 3.74 | AM95: 26.5475 | AN95: 26.897436 | AO95: 15.638462 | AP95: 3.8263158 | AQ95: 0 | AR95: 0 | AS95: 37.137838 | AT95: 0.10526316 | AU95: 0 | AV95: 5 | AW95: 23 | AX95: 2.916129 | AY95: 0.84827586 | AZ95: 1.290625 | BA95: 0.00625 | BB95: 0 | BC95: 0 | BD95: 0 | BE95: 1.2466667 | BF95: 1.4 | BG95: 6.1 | BH95: 2.2 | BI95: 25.5 | BJ95: 0 | BK95: 0.2 | BL95: 0.4 | BM95: 0.1 | BN95: 11.4 | BO95: 1 | BP95: 16.55 | BQ95: 0.9 | BR95: 0.22 | BS95: 22.67 | BT95: 11.55
A96: Annual
A97: winter
A98: summer
A99: SWMS
A100: NEMS
A102: Davangere
A103: Year | B103: 1951 | C103: 1952 | D103: 1953 | E103: 1954 | F103: 1955 | G103: 1956 | H103: 1957 | I103: 1958 | J103: 1959 | K103: 1960 | L103: 1961 | M103: 1962 | N103: 1963 | O103: 1964 | P103: 1965 | Q103: 1966 | R103: 1967 | S103: 1968 | T103: 1969 | U103: 1970 | V103: 1971 | W103: 1972 | X103: 1973 | Y103: 1974 | Z103: 1975 | AA103: 1976 | AB103: 1977 | AC103: 1978 | AD103: 1979 | AE103: 1980 | AF103: 1981 | AG103: 1982 | AH103: 1983 | AI103: 1984 | AJ103: 1985 | AK103: 1986 | AL103: 1987 | AM103: 1988 | AN103: 1989 | AO103: 1990 | AP103: 1991 | AQ103: 1992 | AR103: 1993 | AS103: 1994 | AT103: 1995 | AU103: 1996 | AV103: 1997 | AW103: 1998 | AX103: 1999 | AY103: 2000 | AZ103: 2001 | BA103: 2002 | BB103: 2003 | BC103: 2004 | BD103: 2005 | BE103: 2006 | BF103: 2007 | BG103: 2008 | BH103: 2009 | BI103: 2010 | BJ103: 2011 | BK103: 2012 | BL103: 2013 | BM103: 2014 | BN103: 2015 | BO103: 2016 | BP103: 2017 | BQ103: 2018 | BR103: 2019 | BS103: 2020
A104: Jan | B104: 0 | C104: 0 | D104: 0.14 | E104: 0 | F104: 0 | G104: 0 | H104: 1.1545455 | I104: 0.35 | J104: 0 | K104: 0 | L104: 0 | M104: 0.088888889 | N104: 0 | O104: 0 | P104: 0.78888889 | Q104: 1.6833333 | R104: 0.54285714 | S104: 0 | T104: 0 | U104: 1.4090909 | V104: 1.0230769 | W104: 0 | X104: 0 | Y104: 0 | Z104: 11.96 | AA104: 0 | AB104: 0 | AC104: 0 | AD104: 0 | AE104: 0 | AF104: 4.025 | AG104: 0 | AH104: 0 | AI104: 1.56 | AJ104: 0.365 | AK104: 2.0727273 | AL104: 1.0846154 | AM104: 0 | AN104: 0 | AO104: 1.1235294 | AP104: 0 | AQ104: 0 | AR104: 0 | AS104: 1.9176471 | AT104: 2.9617647 | AU104: =AVERAGE(AL104:AT104) -> 0.78750628 | AV104: =AVERAGE(AW104:BF104) -> 0.41845378 | AW104: 0.082352941 | AX104: 0 | AY104: 2.0735294 | AZ104: 0.05 | BA104: 0.052941176 | BB104: 0 | BC104: 0 | BD104: 1.9257143 | BE104: 0 | BF104: 0 | BG104: 0 | BH104: 0 | BI104: 17.7 | BJ104: 0 | BK104: 0 | BL104: 0.2 | BM104: 2.3 | BN104: 0 | BO104: 2.05 | BP104: 0.3 | BQ104: 0 | BR104: 0 | BS104: 0.3
A105: Feb | B105: 0 | C105: 7.75 | D105: 0 | E105: 0 | F105: 0 | G105: 0.2 | H105: 0 | I105: 0 | J105: 0 | K105: 0 | L105: 0 | M105: 0.31111111 | N105: 5.19 | O105: 0 | P105: 0 | Q105: 0 | R105: 0 | S105: 7.5833333 | T105: 0 | U105: 0 | V105: 3.8384615 | W105: 0 | X105: 0 | Y105: 0 | Z105: 0 | AA105: 0 | AB105: 1.1785714 | AC105: 3.3461538 | AD105: 0.94210526 | AE105: 0 | AF105: 0 | AG105: 0 | AH105: 0 | AI105: 2.26 | AJ105: 0 | AK105: 2.6681818 | AL105: 0 | AM105: 3.7448276 | AN105: 0 | AO105: 0 | AP105: 0 | AQ105: 0 | AR105: 0 | AS105: 0.011764706 | AT105: 0.12352941 | AU105: =AVERAGE(AL105:AT105) -> 0.43112463 | AV105: =AVERAGE(AW105:BF105) -> 3.9181765 | AW105: 0 | AX105: 0.77647059 | AY105: 5.3764706 | AZ105: 0 | BA105: 29.908824 | BB105: 2.56 | BC105: 0 | BD105: 0.56 | BE105: 0 | BF105: 0 | BG105: 1 | BH105: 0 | BI105: 0 | BJ105: 0 | BK105: 0 | BL105: 4.5 | BM105: 0.6 | BN105: 0 | BO105: 0.57 | BP105: 0 | BQ105: 1.57 | BR105: 4.63 | BS105: 0
...

Sheet Data
A1: ='data convert'!A1 -> Location | CN1: % Dev with Normal RF | DD1: % Dev with there event
A2: ='data convert'!A2 -> Bangalore rural | BV2: =B2 -> 0 | BX2: Normal RF of events | CB2: El Niño | CF2: La Niña | CJ2: Neutral | CR2: El Niño | CV2: La Niña | CZ2: Neutral | DE2: Normal copyed | DH2: El Niño | DL2: La Niña | DP2: Neutral
A3: ='data convert'!A3 -> Year | B3: 1951 | C3: 1952 | D3: 1953 | E3: 1954 | F3: 1955 | G3: 1956 | H3: 1957 | I3: 1958 | J3: 1959 | K3: 1960 | L3: 1961 | M3: 1962 | N3: 1963 | O3: 1964 | P3: 1965 | Q3: 1966 | R3: 1967 | S3: 1968 | T3: 1969 | U3: 1970 | V3: 1971 | W3: 1972 | X3: 1973 | Y3: 1974 | Z3: 1975 | AA3: 1976 | AB3: 1977 | AC3: 1978 | AD3: 1979 | AE3: 1980 | AF3: 1981 | AG3: 1982 | AH3: 1983 | AI3: 1984 | AJ3: 1985 | AK3: 1986 | AL3: 1987 | AM3: 1988 | AN3: 1989 | AO3: 1990 | AP3: 1991 | AQ3: 1992 | AR3: 1993 | AS3: 1994 | AT3: 1995 | AU3: 1996 | AV3: 1997 | AW3: 1998 | AX3: 1999 | AY3: 2000 | AZ3: 2001 | BA3: 2002 | BB3: 2003 | BC3: 2004 | BD3: 2005 | BE3: 2006 | BF3: 2007 | BG3: 2008 | BH3: 2009 | BI3: 2010 | BJ3: 2011 | BK3: 2012 | BL3: 2013 | BM3: 2014 | BN3: 2015 | BO3: 2016 | BP3: 2017 | BQ3: 2018 | BR3: 2019 | BS3: 2020 | BV3: Normal | BX3: El Niño | BY3: La Niña | BZ3: Neutral | CB3: el PIOD | CC3: el NIOD | CD3: el NUIOD | CF3: la PIOD | CG3: la NIOD | CH3: la NUIOD | CJ3: Nu PIOD | CK3: Nu NIOD | CL3: Nu NUIOD | CN3: El Niño | CO3: La Niña | CP3: Neutral | CR3: el PIOD | CS3: el NIOD | CT3: el NUIOD | CV3: la PIOD | CW3: la NIOD | CX3: la NUIOD | CZ3: Nu PIOD | DA3: Nu NIOD | DB3: Nu NUIOD | DD3: El Niño | DE3: La Niña | DF3: Neutral | DH3: el PIOD | DI3: el NIOD | DJ3: el NUIOD | DL3: la PIOD | DM3: la NIOD | DN3: la NUIOD | DP3: Nu PIOD | DQ3: Nu NIOD | DR3: Nu NUIOD
A4: ='data convert'!A4 -> Jan | B4: ='data convert'!B4 -> 0 | C4: ='data convert'!C4 -> 0.95 | D4: ='data convert'!D4 -> 0 | E4: ='data convert'!E4 -> 3.1882353 | F4: ='data convert'!F4 -> 0.71333333 | G4: ='data convert'!G4 -> 0 | H4: ='data convert'!H4 -> 0 | ... BS4: ='data convert'!BS4 -> 0.02 | BV4: =AVERAGE(B4:BS4) -> 1.0817954 | BX4: =AVERAGE(I4,Q4,X4,AC4,AE4,AH4,AL4,AM4,AQ4,AT4,AW4,BB4,BF4,BI4,BN4,BO4) -> 0.99082267 | BY4: =AVERAGE(B4,F4,G4,M4,V4,Y4,AA4,AN4,AX4,AY4,BG4,BJ4,BK4,BP4,BS4) -> 0.30523457 | BZ4: =AVERAGE(C4,D4,E4,H4,K4,L4,N4,O4,P4,R4,S4,T4,U4,W4,Z4,AB4,AD4,AF4,AG4,AI4,AJ4,AK4,AO4,AP4,AR4,AS4,AU4,AV4,AZ4,BA4,BC4,BD4,BE4,BH4,BL4,BM4,BQ4,BR4) -> 1.4551052 | CB4: =AVERAGE(I4,X4,AE4,AH4,AQ4,AT4,AW4,BF4,BI4,BO4) -> 1.3545055 | CC4: =AVERAGE(AC4,AL4) -> 0.15405405 | CD4: =AVERAGE(Q4,AM4,BB4,BN4) -> 0.5 | CF4: =AVERAGE(F4,AN4) -> 0.35666667 | CG4: =AVERAGE(G4,M4,V4,Y4,AX4,BG4,BJ4,BP4,BS4) -> 0.42946502 | CH4: =AVERAGE(AA4,AY4,BK4) -> 0 | CJ4: =AVERAGE(C4,L4,O4,R4,AB4,AK4,AZ4,BC4,BL4,BR4) -> 3.9110591 | CK4: =AVERAGE(D4,J4,P4,S4,AF4,AI4,AO4,AR4,AU4,BA4,BD4,BM4) -> 0.2030979 | CL4: =AVERAGE(E4,H4,K4,N4,T4,W4,Z4,AD4,AG4,AJ4,AP4,AS4,AV4,BE4,BH4,BQ4) -> 0.85913951 | CN4: =(BX4-$BV4)/$BV4*100 -> -8.4094224 | CO4: =(BY4-$BV4)/$BV4*100 -> -71.784446 | CP4: =(BZ4-$BV4)/$BV4*100 -> 34.508354 | CR4: =(CB4-$BV4)/$BV4*100 -> 25.209022 | CS4: =(CC4-$BV4)/$BV4*100 -> -85.75941 | CT4: =(CD4-$BV4)/$BV4*100 -> -53.78054 | CV4: =(CF4-$BV4)/$BV4*100 -> -67.030118 | CW4: =(CG4-$BV4)/$BV4*100 -> -60.300717 | CX4: =(CH4-$BV4)/$BV4*100 -> -100 | CZ4: =(CJ4-$BV4)/$BV4*100 -> 261.53408 | DA4: =(CK4-$BV4)/$BV4*100 -> -81.225849 | DB4: =(CL4-$BV4)/$BV4*100 -> -20.582072 | DD4: =BX4 -> 0.99082267 | DE4: =BY4 -> 0.30523457 | DF4: =BZ4 -> 1.4551052 | DH4: =(CB4-$DD4)/$DD4*100 -> 36.705134 | DI4: =(CC4-$DD4)/$DD4*100 -> -84.451905 | DJ4: =(CD4-$DD4)/$DD4*100 -> -49.536883 | DL4: =(CF4-$DE4)/$DE4*100 -> 16.850024 | DM4: =(CG4-$DE4)/$DE4*100 -> 40.699995 | DN4: =(CH4-$DE4)/$DE4*100 -> -100 | DP4: =(CJ4-$DF4)/$DF4*100 -> 168.78188 | DQ4: =(CK4-$DF4)/$DF4*100 -> -86.042391 | DR4: =(CL4-$DF4)/$DF4*100 -> -40.95688
A5: ='data convert'!A5 -> Feb | B5: ='data convert'!B5 -> 0 | C5: ='data convert'!C5 -> 3.475 | D5: ='data convert'!D5 -> 2.65 | E5: ='data convert'!E5 -> 0 | F5: ='data convert'!F5 -> 0 | G5: ='data convert'!G5 -> 0 | H5: ='data convert'!H5 -> 0.038888889 | ... BS5: ='data convert'!BS5 -> 0 | BV5: =AVERAGE(B5:BS5) -> 4.2005118 | BX5: =AVERAGE(I5,Q5,X5,AC5,AE5,AH5,AL5,AM5,AQ5,AT5,AW5,BB5,BF5,BI5,BN5,BO5) -> 1.8655799 | BY5: =AVERAGE(B5,F5,G5,M5,V5,Y5,AA5,AN5,AX5,AY5,BG5,BJ5,BK5,BP5,BS5) -> 4.3339759 | BZ5: =AVERAGE(C5,D5,E5,H5,K5,L5,N5,O5,P5,R5,S5,T5,U5,W5,Z5,AB5,AD5,AF5,AG5,AI5,AJ5,AK5,AO5,AP5,AR5,AS5,AU5,AV5,AZ5,BA5,BC5,BD5,BE5,BH5,BL5,BM5,BQ5,BR5) -> 5.1634902 | CB5: =AVERAGE(I5,X5,AE5,AH5,AQ5,AT5,AW5,BF5,BI5,BO5) -> 0.26658065 | CC5: =AVERAGE(AC5,AL5) -> 12.04625 | CD5: =AVERAGE(Q5,AM5,BB5,BN5) -> 0.77274306 | CF5: =AVERAGE(F5,AN5) -> 0 | CG5: =AVERAGE(G5,M5,V5,Y5,AX5,BG5,BJ5,BP5,BS5) -> 3.6487412 | CH5: =AVERAGE(AA5,AY5,BK5) -> 10.723656 | CJ5: =AVERAGE(C5,L5,O5,R5,AB5,AK5,AZ5,BC5,BL5,BR5) -> 5.6422252 | CK5: =AVERAGE(D5,J5,P5,S5,AF5,AI5,AO5,AR5,AU5,BA5,BD5,BM5) -> 2.6084398 | CL5: =AVERAGE(E5,H5,K5,N5,T5,W5,Z5,AD5,AG5,AJ5,AP5,AS5,AV5,BE5,BH5,BQ5) -> 5.9975671 | CN5: =(BX5-$BV5)/$BV5*100 -> -55.586843 | CO5: =(BY5-$BV5)/$BV5*100 -> 3.1773287 | CP5: =(BZ5-$BV5)/$BV5*100 -> 22.925261 | CR5: =(CB5-$BV5)/$BV5*100 -> -93.653615 | CS5: =(CC5-$BV5)/$BV5*100 -> 186.78053 | CT5: =(CD5-$BV5)/$BV5*100 -> -81.603598 | CV5: =(CF5-$BV5)/$BV5*100 -> -100 | CW5: =(CG5-$BV5)/$BV5*100 -> -13.135795 | CX5: =(CH5-$BV5)/$BV5*100 -> 155.29403 | CZ5: =(CJ5-$BV5)/$BV5*100 -> 34.322326 | DA5: =(CK5-$BV5)/$BV5*100 -> -37.901858 | DB5: =(CL5-$BV5)/$BV5*100 -> 42.781817 | DD5: =BX5 -> 1.8655799 | DE5: =BY5 -> 4.3339759 | DF5: =BZ5 -> 5.1634902 | DH5: =(CB5-$DD5)/$DD5*100 -> -85.710575 | DI5: =(CC5-$DD5)/$DD5*100 -> 545.71075 | DJ5: =(CD5-$DD5)/$DD5*100 -> -58.578936 | DL5: =(CF5-$DE5)/$DE5*100 -> -100 | DM5: =(CG5-$DE5)/$DE5*100 -> -15.810764 | DN5: =(CH5-$DE5)/$DE5*100 -> 147.43229 | DP5: =(CJ5-$DF5)/$DF5*100 -> 9.2715397 | DQ5: =(CK5-$DF5)/$DF5*100 -> -49.48301 | DR5: =(CL5-$DF5)/$DF5*100 -> 16.153357
A6: ='data convert'!A6 -> Mar | B6: ='data convert'!B6 -> 12.488235 | C6: ='data convert'!C6 -> 0 | D6: ='data convert'!D6 -> 0 | E6: ='data convert'!E6 -> 10.435294 | F6: ='data convert'!F6 -> 2.3066667 | G6: ='data convert'!G6 -> 0 | H6: ='data convert'!H6 -> 4.1333333 | ... BS6: ='data convert'!BS6 -> 12.63 | BV6: =AVERAGE(B6:BS6) -> 10.50554 | BX6: =AVERAGE(I6,Q6,X6,AC6,AE6,AH6,AL6,AM6,AQ6,AT6,AW6,BB6,BF6,BI6,BN6,BO6) -> 9.1774548 | BY6: =AVERAGE(B6,F6,G6,M6,V6,Y6,AA6,AN6,AX6,AY6,BG6,BJ6,BK6,BP6,BS6) -> 13.740699 | BZ6: =AVERAGE(C6,D6,E6,H6,K6,L6,N6,O6,P6,R6,S6,T6,U6,W6,Z6,AB6,AD6,AF6,AG6,AI6,AJ6,AK6,AO6,AP6,AR6,AS6,AU6,AV6,AZ6,BA6,BC6,BD6,BE6,BH6,BL6,BM6,BQ6,BR6) -> 10.064159 | CB6: =AVERAGE(I6,X6,AE6,AH6,AQ6,AT6,AW6,BF6,BI6,BO6) -> 5.9192177 | CC6: =AVERAGE(AC6,AL6) -> 9.2006081 | CD6: =AVERAGE(Q6,AM6,BB6,BN6) -> 17.311471 | CF6: =AVERAGE(F6,AN6) -> 6.2191228 | CG6: =AVERAGE(G6,M6,V6,Y6,AX6,BG6,BJ6,BP6,BS6) -> 19.619841 | CH6: =AVERAGE(AA6,AY6,BK6) -> 1.5351443 | CJ6: =AVERAGE(C6,L6,O6,R6,AB6,AK6,AZ6,BC6,BL6,BR6) -> 4.280026 | CK6: =AVERAGE(D6,J6,P6,S6,AF6,AI6,AO6,AR6,AU6,BA6,BD6,BM6) -> 11.648064 | CL6: =AVERAGE(E6,H6,K6,N6,T6,W6,Z6,AD6,AG6,AJ6,AP6,AS6,AV6,BE6,BH6,BQ6) -> 12.39564 | CN6: =(BX6-$BV6)/$BV6*100 -> -12.64176 | CO6: =(BY6-$BV6)/$BV6*100 -> 30.794788 | CP6: =(BZ6-$BV6)/$BV6*100 -> -4.2014123 | CR6: =(CB6-$BV6)/$BV6*100 -> -43.656225 | CS6: =(CC6-$BV6)/$BV6*100 -> -12.421368 | CT6: =(CD6-$BV6)/$BV6*100 -> 64.784209 | CV6: =(CF6-$BV6)/$BV6*100 -> -40.801492 | CW6: =(CG6-$BV6)/$BV6*100 -> 86.75709 | CX6: =(CH6-$BV6)/$BV6*100 -> -85.387288 | CZ6: =(CJ6-$BV6)/$BV6*100 -> -59.259343 | DA6: =(CK6-$BV6)/$BV6*100 -> 10.875446 | DB6: =(CL6-$BV6)/$BV6*100 -> 17.991459 | DD6: =BX6 -> 9.1774548 | DE6: =BY6 -> 13.740699 | DF6: =BZ6 -> 10.064159 | DH6: =(CB6-$DD6)/$DD6*100 -> -35.502622 | DI6: =(CC6-$DD6)/$DD6*100 -> 0.25228515 | DJ6: =(CD6-$DD6)/$DD6*100 -> 88.630412 | DL6: =(CF6-$DE6)/$DE6*100 -> -54.739399 | DM6: =(CG6-$DE6)/$DE6*100 -> 42.78634 | DN6: =(CH6-$DE6)/$DE6*100 -> -88.827756 | DP6: =(CJ6-$DF6)/$DF6*100 -> -57.472591 | DQ6: =(CK6-$DF6)/$DF6*100 -> 15.73808 | DR6: =(CL6-$DF6)/$DF6*100 -> 23.166177
A7: ='data convert'!A7 -> Apr | B7: ='data convert'!B7 -> 39.911765 | C7: ='data convert'!C7 -> 37.2 | D7: ='data convert'!D7 -> 89.55625 | E7: ='data convert'!E7 -> 17.358824 | F7: ='data convert'!F7 -> 57.006667 | G7: ='data convert'!G7 -> 16.377778 | H7: ='data convert'!H7 -> 13.616667 | ... BS7: ='data convert'!BS7 -> 77.61 | BV7: =AVERAGE(B7:BS7) -> 38.327868 | BX7: =AVERAGE(I7,Q7,X7,AC7,AE7,AH7,AL7,AM7,AQ7,AT7,AW7,BB7,BF7,BI7,BN7,BO7) -> 38.794858 | BY7: =AVERAGE(B7,F7,G7,M7,V7,Y7,AA7,AN7,AX7,AY7,BG7,BJ7,BK7,BP7,BS7) -> 52.158729 | BZ7: =AVERAGE(C7,D7,E7,H7,K7,L7,N7,O7,P7,R7,S7,T7,U7,W7,Z7,AB7,AD7,AF7,AG7,AI7,AJ7,AK7,AO7,AP7,AR7,AS7,AU7,AV7,AZ7,BA7,BC7,BD7,BE7,BH7,BL7,BM7,BQ7,BR7) -> 33.408513 | CB7: =AVERAGE(I7,X7,AE7,AH7,AQ7,AT7,AW7,BF7,BI7,BO7) -> 31.844182 | CC7: =AVERAGE(AC7,AL7) -> 33.429595 | CD7: =AVERAGE(Q7,AM7,BB7,BN7) -> 58.854179 | CF7: =AVERAGE(F7,AN7) -> 36.616491 | CG7: =AVERAGE(G7,M7,V7,Y7,AX7,BG7,BJ7,BP7,BS7) -> 53.028903 | CH7: =AVERAGE(AA7,AY7,BK7) -> 63.99202 | CJ7: =AVERAGE(C7,L7,O7,R7,AB7,AK7,AZ7,BC7,BL7,BR7) -> 40.897171 | CK7: =AVERAGE(D7,J7,P7,S7,AF7,AI7,AO7,AR7,AU7,BA7,BD7,BM7) -> 32.76949 | CL7: =AVERAGE(E7,H7,K7,N7,T7,W7,Z7,AD7,AG7,AJ7,AP7,AS7,AV7,BE7,BH7,BQ7) -> 27.69329 | CN7: =(BX7-$BV7)/$BV7*100 -> 1.2184094 | CO7: =(BY7-$BV7)/$BV7*100 -> 36.085653 | CP7: =(BZ7-$BV7)/$BV7*100 -> -12.834928 | CR7: =(CB7-$BV7)/$BV7*100 -> -16.916374 | CS7: =(CC7-$BV7)/$BV7*100 -> -12.779926 | CT7: =(CD7-$BV7)/$BV7*100 -> 53.554535 | CV7: =(CF7-$BV7)/$BV7*100 -> -4.4650972 | CW7: =(CG7-$BV7)/$BV7*100 -> 38.355996 | CX7: =(CH7-$BV7)/$BV7*100 -> 66.95951 | CZ7: =(CJ7-$BV7)/$BV7*100 -> 6.7034858 | DA7: =(CK7-$BV7)/$BV7*100 -> -14.502184 | DB7: =(CL7-$BV7)/$BV7*100 -> -27.746332 | DD7: =BX7 -> 38.794858 | DE7: =BY7 -> 52.158729 | DF7: =BZ7 -> 33.408513 | DH7: =(CB7-$DD7)/$DD7*100 -> -17.916487 | DI7: =(CC7-$DD7)/$DD7*100 -> -13.829832 | DJ7: =(CD7-$DD7)/$DD7*100 -> 51.706133 | DL7: =(CF7-$DE7)/$DE7*100 -> -29.797961 | DM7: =(CG7-$DE7)/$DE7*100 -> 1.668319 | DN7: =(CH7-$DE7)/$DE7*100 -> 22.687078 | DP7: =(CJ7-$DF7)/$DF7*100 -> 22.415417 | DQ7: =(CK7-$DF7)/$DF7*100 -> -1.912757 | DR7: =(CL7-$DF7)/$DF7*100 -> -17.107085
A8: ='data convert'!A8 -> May | B8: ='data convert'!B8 -> 124.98235 | C8: ='data convert'!C8 -> 102.45 | D8: ='data convert'!D8 -> 45.50625 | E8: ='data convert'!E8 -> 139.95882 | F8: ='data convert'!F8 -> 77.753333 | G8: ='data convert'!G8 -> 34.572222 | H8: ='data convert'!H8 -> 139.90556 | ... BS8: ='data convert'!BS8 -> 80.89 | BV8: =AVERAGE(B8:BS8) -> 97.103722 | BX8: =AVERAGE(I8,Q8,X8,AC8,AE8,AH8,AL8,AM8,AQ8,AT8,AW8,BB8,BF8,BI8,BN8,BO8) -> 100.69655 | BY8: =AVERAGE(B8,F8,G8,M8,V8,Y8,AA8,AN8,AX8,AY8,BG8,BJ8,BK8,BP8,BS8) -> 99.387252 | BZ8: =AVERAGE(C8,D8,E8,H8,K8,L8,N8,O8,P8,R8,S8,T8,U8,W8,Z8,AB8,AD8,AF8,AG8,AI8,AJ8,AK8,AO8,AP8,AR8,AS8,AU8,AV8,AZ8,BA8,BC8,BD8,BE8,BH8,BL8,BM8,BQ8,BR8) -> 95.291537 | CB8: =AVERAGE(I8,X8,AE8,AH8,AQ8,AT8,AW8,BF8,BI8,BO8) -> 100.11881 | CC8: =AVERAGE(AC8,AL8) -> 92.052601 | CD8: =AVERAGE(Q8,AM8,BB8,BN8) -> 106.46287 | CF8: =AVERAGE(F8,AN8) -> 76.102982 | CG8: =AVERAGE(G8,M8,V8,Y8,AX8,BG8,BJ8,BP8,BS8) -> 109.9915 | CH8: =AVERAGE(AA8,AY8,BK8) -> 74.565648 | CJ8: =AVERAGE(C8,L8,O8,R8,AB8,AK8,AZ8,BC8,BL8,BR8) -> 100.97362 | CK8: =AVERAGE(D8,J8,P8,S8,AF8,AI8,AO8,AR8,AU8,BA8,BD8,BM8) -> 80.175365 | CL8: =AVERAGE(E8,H8,K8,N8,T8,W8,Z8,AD8,AG8,AJ8,AP8,AS8,AV8,BE8,BH8,BQ8) -> 98.436602 | CN8: =(BX8-$BV8)/$BV8*100 -> 3.6999895 | CO8: =(BY8-$BV8)/$BV8*100 -> 2.3516401 | CP8: =(BZ8-$BV8)/$BV8*100 -> -1.8662367 | CR8: =(CB8-$BV8)/$BV8*100 -> 3.105018 | CS8: =(CC8-$BV8)/$BV8*100 -> -5.2017785 | CT8: =(CD8-$BV8)/$BV8*100 -> 9.6383022 | CV8: =(CF8-$BV8)/$BV8*100 -> -21.627121 | CW8: =(CG8-$BV8)/$BV8*100 -> 13.272179 | CX8: =(CH8-$BV8)/$BV8*100 -> -23.210309 | CZ8: =(CJ8-$BV8)/$BV8*100 -> 3.9853238 | DA8: =(CK8-$BV8)/$BV8*100 -> -17.433273 | DB8: =(CL8-$BV8)/$BV8*100 -> 1.372635 | DD8: =BX8 -> 100.69655 | DE8: =BY8 -> 99.387252 | DF8: =BZ8 -> 95.291537 | DH8: =(CB8-$DD8)/$DD8*100 -> -0.57374305 | DI8: =(CC8-$DD8)/$DD8*100 -> -8.5841551 | DJ8: =(CD8-$DD8)/$DD8*100 -> 5.7264352 | DL8: =(CF8-$DE8)/$DE8*100 -> -23.427823 | DM8: =(CG8-$DE8)/$DE8*100 -> 10.669628 | DN8: =(CH8-$DE8)/$DE8*100 -> -24.974636 | DP8: =(CJ8-$DF8)/$DF8*100 -> 5.9628412 | DQ8: =(CK8-$DF8)/$DF8*100 -> -15.863079 | DR8: =(CL8-$DF8)/$DF8*100 -> 3.3004661
A9: ='data convert'!A9 -> Jun | B9: ='data convert'!B9 -> 37.217647 | C9: ='data convert'!C9 -> 47.9 | D9: ='data convert'!D9 -> 79.15625 | E9: ='data convert'!E9 -> 34.311765 | F9: ='data convert'!F9 -> 49.673333 | G9: ='data convert'!G9 -> 77.744444 | H9: ='data convert'!H9 -> 77.35 | ... BS9: ='data convert'!BS9 -> 104.18 | BV9: =AVERAGE(B9:BS9) -> 65.142469 | BX9: =AVERAGE(I9,Q9,X9,AC9,AE9,AH9,AL9,AM9,AQ9,AT9,AW9,BB9,BF9,BI9,BN9,BO9) -> 77.68664 | BY9: =AVERAGE(B9,F9,G9,M9,V9,Y9,AA9,AN9,AX9,AY9,BG9,BJ9,BK9,BP9,BS9) -> 42.958653 | BZ9: =AVERAGE(C9,D9,E9,H9,K9,L9,N9,O9,P9,R9,S9,T9,U9,W9,Z9,AB9,AD9,AF9,AG9,AI9,AJ9,AK9,AO9,AP9,AR9,AS9,AU9,AV9,AZ9,BA9,BC9,BD9,BE9,BH9,BL9,BM9,BQ9,BR9) -> 67.709953 | CB9: =AVERAGE(I9,X9,AE9,AH9,AQ9,AT9,AW9,BF9,BI9,BO9) -> 89.763342 | CC9: =AVERAGE(AC9,AL9) -> 68.996824 | CD9: =AVERAGE(Q9,AM9,BB9,BN9) -> 51.839794 | CF9: =AVERAGE(F9,AN9) -> 48.747193 | CG9: =AVERAGE(G9,M9,V9,Y9,AX9,BG9,BJ9,BP9,BS9) -> 44.797598 | CH9: =AVERAGE(AA9,AY9,BK9) -> 35.496463 | CJ9: =AVERAGE(C9,L9,O9,R9,AB9,AK9,AZ9,BC9,BL9,BR9) -> 68.607732 | CK9: =AVERAGE(D9,J9,P9,S9,AF9,AI9,AO9,AR9,AU9,BA9,BD9,BM9) -> 64.719077 | CL9: =AVERAGE(E9,H9,K9,N9,T9,W9,Z9,AD9,AG9,AJ9,AP9,AS9,AV9,BE9,BH9,BQ9) -> 74.098351 | CN9: =(BX9-$BV9)/$BV9*100 -> 19.256518 | CO9: =(BY9-$BV9)/$BV9*100 -> -34.054306 | CP9: =(BZ9-$BV9)/$BV9*100 -> 3.9413365 | CR9: =(CB9-$BV9)/$BV9*100 -> 37.795425 | CS9: =(CC9-$BV9)/$BV9*100 -> 5.9168089 | CT9: =(CD9-$BV9)/$BV9*100 -> -20.420894 | CV9: =(CF9-$BV9)/$BV9*100 -> -25.168337 | CW9: =(CG9-$BV9)/$BV9*100 -> -31.231348 | CX9: =(CH9-$BV9)/$BV9*100 -> -45.509491 | CZ9: =(CJ9-$BV9)/$BV9*100 -> 5.319515 | DA9: =(CK9-$BV9)/$BV9*100 -> -0.64994762 | DB9: =(CL9-$BV9)/$BV9*100 -> 13.748146 | DD9: =BX9 -> 77.68664 | DE9: =BY9 -> 42.958653 | DF9: =BZ9 -> 67.709953 | DH9: =(CB9-$DD9)/$DD9*100 -> 15.545403 | DI9: =(CC9-$DD9)/$DD9*100 -> -11.185728 | DJ9: =(CD9-$DD9)/$DD9*100 -> -33.270645 | DL9: =(CF9-$DE9)/$DE9*100 -> 13.474677 | DM9: =(CG9-$DE9)/$DE9*100 -> 4.2807307 | DN9: =(CH9-$DE9)/$DE9*100 -> -17.370634 | DP9: =(CJ9-$DF9)/$DF9*100 -> 1.3259195 | DQ9: =(CK9-$DF9)/$DF9*100 -> -4.4171879 | DR9: =(CL9-$DF9)/$DF9*100 -> 9.4349463
A10: ='data convert'!A10 -> Jul | B10: ='data convert'!B10 -> 129.09412 | C10: ='data convert'!C10 -> 85.4 | D10: ='data convert'!D10 -> 108.54375 | E10: ='data convert'!E10 -> 94.952941 | F10: ='data convert'!F10 -> 54.426667 | G10: ='data convert'!G10 -> 82.877778 | H10: ='data convert'!H10 -> 25.583333 | ... BS10: ='data convert'!BS10 -> 219.32 | BV10: =AVERAGE(B10:BS10) -> 86.101047 | BX10: =AVERAGE(I10,Q10,X10,AC10,AE10,AH10,AL10,AM10,AQ10,AT10,AW10,BB10,BF10,BI10,BN10,BO10) -> 104.86959 | BY10: =AVERAGE(B10,F10,G10,M10,V10,Y10,AA10,AN10,AX10,AY10,BG10,BJ10,BK10,BP10,BS10) -> 90.943992 | BZ10: =AVERAGE(C10,D10,E10,H10,K10,L10,N10,O10,P10,R10,S10,T10,U10,W10,Z10,AB10,AD10,AF10,AG10,AI10,AJ10,AK10,AO10,AP10,AR10,AS10,AU10,AV10,AZ10,BA10,BC10,BD10,BE10,BH10,BL10,BM10,BQ10,BR10) -> 77.858081 | CB10: =AVERAGE(I10,X10,AE10,AH10,AQ10,AT10,AW10,BF10,BI10,BO10) -> 110.94945 | CC10: =AVERAGE(AC10,AL10) -> 79.126723 | CD10: =AVERAGE(Q10,AM10,BB10,BN10) -> 102.54139 | CF10: =AVERAGE(F10,AN10) -> 112.78044 | CG10: =AVERAGE(G10,M10,V10,Y10,AX10,BG10,BJ10,BP10,BS10) -> 89.868765 | CH10: =AVERAGE(AA10,AY10,BK10) -> 66.895331 | CJ10: =AVERAGE(C10,L10,O10,R10,AB10,AK10,AZ10,BC10,BL10,BR10) -> 101.81479 | CK10: =AVERAGE(D10,J10,P10,S10,AF10,AI10,AO10,AR10,AU10,BA10,BD10,BM10) -> 69.074072 | CL10: =AVERAGE(E10,H10,K10,N10,T10,W10,Z10,AD10,AG10,AJ10,AP10,AS10,AV10,BE10,BH10,BQ10) -> 67.595051 | CN10: =(BX10-$BV10)/$BV10*100 -> 21.798279 | CO10: =(BY10-$BV10)/$BV10*100 -> 5.624722 | CP10: =(BZ10-$BV10)/$BV10*100 -> -9.5735958 | CR10: =(CB10-$BV10)/$BV10*100 -> 28.859579 | CS10: =(CC10-$BV10)/$BV10*100 -> -8.1001617 | CT10: =(CD10-$BV10)/$BV10*100 -> 19.094247 | CV10: =(CF10-$BV10)/$BV10*100 -> 30.986141 | CW10: =(CG10-$BV10)/$BV10*100 -> 4.375926 | CX10: =(CH10-$BV10)/$BV10*100 -> -22.306019 | CZ10: =(CJ10-$BV10)/$BV10*100 -> 18.250354 | DA10: =(CK10-$BV10)/$BV10*100 -> -19.775572 | DB10: =(CL10-$BV10)/$BV10*100 -> -21.493346 | DD10: =BX10 -> 104.86959 | DE10: =BY10 -> 90.943992 | DF10: =BZ10 -> 77.858081 | DH10: =(CB10-$DD10)/$DD10*100 -> 5.7975372 | DI10: =(CC10-$DD10)/$DD10*100 -> -24.547506 | DJ10: =(CD10-$DD10)/$DD10*100 -> -2.2200899 | DL10: =(CF10-$DE10)/$DE10*100 -> 24.010874 | DM10: =(CG10-$DE10)/$DE10*100 -> -1.1822953 | DN10: =(CH10-$DE10)/$DE10*100 -> -26.443375 | DP10: =(CJ10-$DF10)/$DF10*100 -> 30.769719 | DQ10: =(CK10-$DF10)/$DF10*100 -> -11.282077 | DR10: =(CL10-$DF10)/$DF10*100 -> -13.181714
A11: ='data convert'!A11 -> Aug | B11: ='data convert'!B11 -> 26.047059 | C11: ='data convert'!C11 -> 92.5 | D11: ='data convert'!D11 -> 21.05 | E11: ='data convert'!E11 -> 113.16471 | F11: ='data convert'!F11 -> 102.02 | G11: ='data convert'!G11 -> 57.783333 | H11: ='data convert'!H11 -> 34.333333 | ... BS11: ='data convert'!BS11 -> 89.51 | BV11: =AVERAGE(B11:BS11) -> 106.72904 | BX11: =AVERAGE(I11,Q11,X11,AC11,AE11,AH11,AL11,AM11,AQ11,AT11,AW11,BB11,BF11,BI11,BN11,BO11) -> 126.69536 | BY11: =AVERAGE(B11,F11,G11,M11,V11,Y11,AA11,AN11,AX11,AY11,BG11,BJ11,BK11,BP11,BS11) -> 124.48672 | BZ11: =AVERAGE(C11,D11,E11,H11,K11,L11,N11,O11,P11,R11,S11,T11,U11,W11,Z11,AB11,AD11,AF11,AG11,AI11,AJ11,AK11,AO11,AP11,AR11,AS11,AU11,AV11,AZ11,BA11,BC11,BD11,BE11,BH11,BL11,BM11,BQ11,BR11) -> 90.998666 | CB11: =AVERAGE(I11,X11,AE11,AH11,AQ11,AT11,AW11,BF11,BI11,BO11) -> 132.96249 | CC11: =AVERAGE(AC11,AL11) -> 79.439291 | CD11: =AVERAGE(Q11,AM11,BB11,BN11) -> 134.65558 | CF11: =AVERAGE(F11,AN11) -> 72.785 | CG11: =AVERAGE(G11,M11,V11,Y11,AX11,BG11,BJ11,BP11,BS11) -> 139.83564 | CH11: =AVERAGE(AA11,AY11,BK11) -> 145.721 | CJ11: =AVERAGE(C11,L11,O11,R11,AB11,AK11,AZ11,BC11,BL11,BR11) -> 77.351275 | CK11: =AVERAGE(D11,J11,P11,S11,AF11,AI11,AO11,AR11,AU11,BA11,BD11,BM11) -> 105.28428 | CL11: =AVERAGE(E11,H11,K11,N11,T11,W11,Z11,AD11,AG11,AJ11,AP11,AS11,AV11,BE11,BH11,BQ11) -> 91.072211 | CN11: =(BX11-$BV11)/$BV11*100 -> 18.707483 | CO11: =(BY11-$BV11)/$BV11*100 -> 16.638094 | CP11: =(BZ11-$BV11)/$BV11*100 -> -14.73861 | CR11: =(CB11-$BV11)/$BV11*100 -> 24.57948 | CS11: =(CC11-$BV11)/$BV11*100 -> -25.569191 | CT11: =(CD11-$BV11)/$BV11*100 -> 26.165826 | CV11: =(CF11-$BV11)/$BV11*100 -> -31.803943 | CW11: =(CG11-$BV11)/$BV11*100 -> 31.019298 | CX11: =(CH11-$BV11)/$BV11*100 -> 36.533591 | CZ11: =(CJ11-$BV11)/$BV11*100 -> -27.525562 | DA11: =(CK11-$BV11)/$BV11*100 -> -1.3536712 | DB11: =(CL11-$BV11)/$BV11*100 -> -14.669703 | DD11: =BX11 -> 126.69536 | DE11: =BY11 -> 124.48672 | DF11: =BZ11 -> 90.998666 | DH11: =(CB11-$DD11)/$DD11*100 -> 4.946611 | DI11: =(CC11-$DD11)/$DD11*100 -> -37.298975 | DJ11: =(CD11-$DD11)/$DD11*100 -> 6.2829598 | DL11: =(CF11-$DE11)/$DE11*100 -> -41.531917 | DM11: =(CG11-$DE11)/$DE11*100 -> 12.329766 | DN11: =(CH11-$DE11)/$DE11*100 -> 17.05746 | DP11: =(CJ11-$DF11)/$DF11*100 -> -14.997352 | DQ11: =(CK11-$DF11)/$DF11*100 -> 15.698711 | DR11: =(CL11-$DF11)/$DF11*100 -> 0.080819451
A12: ='data convert'!A12 -> Sep | B12: ='data convert'!B12 -> 147.94118 | C12: ='data convert'!C12 -> 126.075 | D12: ='data convert'!D12 -> 114.975 | E12: ='data convert'!E12 -> 17.7 | F12: ='data convert'!F12 -> 121.69333 | G12: ='data convert'!G12 -> 109.83889 | H12: ='data convert'!H12 -> 43.033333 | ... BS12: ='data convert'!BS12 -> 180.54 | BV12: =AVERAGE(B12:BS12) -> 159.77534 | BX12: =AVERAGE(I12,Q12,X12,AC12,AE12,AH12,AL12,AM12,AQ12,AT12,AW12,BB12,BF12,BI12,BN12,BO12) -> 161.11306 | BY12: =AVERAGE(B12,F12,G12,M12,V12,Y12,AA12,AN12,AX12,AY12,BG12,BJ12,BK12,BP12,BS12) -> 154.00822 | BZ12: =AVERAGE(C12,D12,E12,H12,K12,L12,N12,O12,P12,R12,S12,T12,U12,W12,Z12,AB12,AD12,AF12,AG12,AI12,AJ12,AK12,AO12,AP12,AR12,AS12,AU12,AV12,AZ12,BA12,BC12,BD12,BE12,BH12,BL12,BM12,BQ12,BR12) -> 159.47289 | CB12: =AVERAGE(I12,X12,AE12,AH12,AQ12,AT12,AW12,BF12,BI12,BO12) -> 144.08727 | CC12: =AVERAGE(AC12,AL12) -> 183.98274 | CD12: =AVERAGE(Q12,AM12,BB12,BN12) -> 192.24268 | CF12: =AVERAGE(F12,AN12) -> 152.65719 | CG12: =AVERAGE(G12,M12,V12,Y12,AX12,BG12,BJ12,BP12,BS12) -> 169.83683 | CH12: =AVERAGE(AA12,AY12,BK12) -> 109.44544 | CJ12: =AVERAGE(C12,L12,O12,R12,AB12,AK12,AZ12,BC12,BL12,BR12) -> 179.39252 | CK12: =AVERAGE(D12,J12,P12,S12,AF12,AI12,AO12,AR12,AU12,BA12,BD12,BM12) -> 171.26689 | CL12: =AVERAGE(E12,H12,K12,N12,T12,W12,Z12,AD12,AG12,AJ12,AP12,AS12,AV12,BE12,BH12,BQ12) -> 145.12896 | CN12: =(BX12-$BV12)/$BV12*100 -> 0.83725051 | CO12: =(BY12-$BV12)/$BV12*100 -> -3.6095132 | CP12: =(BZ12-$BV12)/$BV12*100 -> -0.1892943 | CR12: =(CB12-$BV12)/$BV12*100 -> -9.8188293 | CS12: =(CC12-$BV12)/$BV12*100 -> 15.1509 | CT12: =(CD12-$BV12)/$BV12*100 -> 20.320626 | CV12: =(CF12-$BV12)/$BV12*100 -> -4.4550949 | CW12: =(CG12-$BV12)/$BV12*100 -> 6.2972759 | CX12: =(CH12-$BV12)/$BV12*100 -> -31.500414 | CZ12: =(CJ12-$BV12)/$BV12*100 -> 12.27798 | DA12: =(CK12-$BV12)/$BV12*100 -> 7.1923198 | DB12: =(CL12-$BV12)/$BV12*100 -> -9.166855 | DD12: =BX12 -> 161.11306 | DE12: =BY12 -> 154.00822 | DF12: =BZ12 -> 159.47289 | DH12: =(CB12-$DD12)/$DD12*100 -> -10.567603 | DI12: =(CC12-$DD12)/$DD12*100 -> 14.194803 | DJ12: =(CD12-$DD12)/$DD12*100 -> 19.321605 | DL12: =(CF12-$DE12)/$DE12*100 -> -0.87724607 | DM12: =(CG12-$DE12)/$DE12*100 -> 10.277766 | DN12: =(CH12-$DE12)/$DE12*100 -> -28.935325 | DP12: =(CJ12-$DF12)/$DF12*100 -> 12.490919 | DQ12: =(CK12-$DF12)/$DF12*100 -> 7.3956136 | DR12: =(CL12-$DF12)/$DF12*100 -> -8.994587
A13: ='data convert'!A13 -> Oct | B13: ='data convert'!B13 -> 77.105882 | C13: ='data convert'!C13 -> 214.05 | D13: ='data convert'!D13 -> 295.4875 | E13: ='data convert'!E13 -> 167.42353 | F13: ='data convert'!F13 -> 143.62 | G13: ='data convert'!G13 -> 352.83889 | H13: ='data convert'!H13 -> 151.93889 | ... BS13: ='data convert'!BS13 -> 194.64 | BV13: =AVERAGE(B13:BS13) -> 154.04598 | BX13: =AVERAGE(I13,Q13,X13,AC13,AE13,AH13,AL13,AM13,AQ13,AT13,AW13,BB13,BF13,BI13,BN13,BO13) -> 125.09064 | BY13: =AVERAGE(B13,F13,G13,M13,V13,Y13,AA13,AN13,AX13,AY13,BG13,BJ13,BK13,BP13,BS13) -> 181.71328 | BZ13: =AVERAGE(C13,D13,E13,H13,K13,L13,N13,O13,P13,R13,S13,T13,U13,W13,Z13,AB13,AD13,AF13,AG13,AI13,AJ13,AK13,AO13,AP13,AR13,AS13,AU13,AV13,AZ13,BA13,BC13,BD13,BE13,BH13,BL13,BM13,BQ13,BR13) -> 158.46216 | CB13: =AVERAGE(I13,X13,AE13,AH13,AQ13,AT13,AW13,BF13,BI13,BO13) -> 127.84614 | CC13: =AVERAGE(AC13,AL13) -> 151.53757 | CD13: =AVERAGE(Q13,AM13,BB13,BN13) -> 104.97845 | CF13: =AVERAGE(F13,AN13) -> 132.56263 | CG13: =AVERAGE(G13,M13,V13,Y13,AX13,BG13,BJ13,BP13,BS13) -> 212.20629 | CH13: =AVERAGE(AA13,AY13,BK13) -> 157.87046 | CJ13: =AVERAGE(C13,L13,O13,R13,AB13,AK13,AZ13,BC13,BL13,BR13) -> 152.3983 | CK13: =AVERAGE(D13,J13,P13,S13,AF13,AI13,AO13,AR13,AU13,BA13,BD13,BM13) -> 160.57073 | CL13: =AVERAGE(E13,H13,K13,N13,T13,W13,Z13,AD13,AG13,AJ13,AP13,AS13,AV13,BE13,BH13,BQ13) -> 142.02829 | CN13: =(BX13-$BV13)/$BV13*100 -> -18.796555 | CO13: =(BY13-$BV13)/$BV13*100 -> 17.960416 | CP13: =(BZ13-$BV13)/$BV13*100 -> 2.8667919 | CR13: =(CB13-$BV13)/$BV13*100 -> -17.007807 | CS13: =(CC13-$BV13)/$BV13*100 -> -1.6283527 | CT13: =(CD13-$BV13)/$BV13*100 -> -31.852524 | CV13: =(CF13-$BV13)/$BV13*100 -> -13.946062 | CW13: =(CG13-$BV13)/$BV13*100 -> 37.755165 | CX13: =(CH13-$BV13)/$BV13*100 -> 2.4826867 | CZ13: =(CJ13-$BV13)/$BV13*100 -> -1.0696047 | DA13: =(CK13-$BV13)/$BV13*100 -> 4.2355896 | DB13: =(CL13-$BV13)/$BV13*100 -> -7.8013623 | DD13: =BX13 -> 125.09064 | DE13: =BY13 -> 181.71328 | DF13: =BZ13 -> 158.46216 | DH13: =(CB13-$DD13)/$DD13*100 -> 2.2027972 | DI13: =(CC13-$DD13)/$DD13*100 -> 21.142209 | DJ13: =(CD13-$DD13)/$DD13*100 -> -16.078097 | DL13: =(CF13-$DE13)/$DE13*100 -> -27.048462 | DM13: =(CG13-$DE13)/$DE13*100 -> 16.780841 | DN13: =(CH13-$DE13)/$DE13*100 -> -13.121121 | DP13: =(CJ13-$DF13)/$DF13*100 -> -3.8266932 | DQ13: =(CK13-$DF13)/$DF13*100 -> 1.3306507 | DR13: =(CL13-$DF13)/$DF13*100 -> -10.370844
A14: ='data convert'!A14 -> Nov | B14: ='data convert'!B14 -> 20.711765 | C14: ='data convert'!C14 -> 0 | D14: ='data convert'!D14 -> 1.8375 | E14: ='data convert'!E14 -> 0 | F14: ='data convert'!F14 -> 51.833333 | G14: ='data convert'!G14 -> 79.755556 | H14: ='data convert'!H14 -> 29.066667 | ... BS14: ='data convert'!BS14 -> 78.03 | BV14: =AVERAGE(B14:BS14) -> 49.116735 | BX14: =AVERAGE(I14,Q14,X14,AC14,AE14,AH14,AL14,AM14,AQ14,AT14,AW14,BB14,BF14,BI14,BN14,BO14) -> 66.332542 | BY14: =AVERAGE(B14,F14,G14,M14,V14,Y14,AA14,AN14,AX14,AY14,BG14,BJ14,BK14,BP14,BS14) -> 43.099141 | BZ14: =AVERAGE(C14,D14,E14,H14,K14,L14,N14,O14,P14,R14,S14,T14,U14,W14,Z14,AB14,AD14,AF14,AG14,AI14,AJ14,AK14,AO14,AP14,AR14,AS14,AU14,AV14,AZ14,BA14,BC14,BD14,BE14,BH14,BL14,BM14,BQ14,BR14) -> 45.168781 | CB14: =AVERAGE(I14,X14,AE14,AH14,AQ14,AT14,AW14,BF14,BI14,BO14) -> 48.807428 | CC14: =AVERAGE(AC14,AL14) -> 72.481655 | CD14: =AVERAGE(Q14,AM14,BB14,BN14) -> 107.07077 | CF14: =AVERAGE(F14,AN14) -> 29.437719 | CG14: =AVERAGE(G14,M14,V14,Y14,AX14,BG14,BJ14,BP14,BS14) -> 37.549037 | CH14: =AVERAGE(AA14,AY14,BK14) -> 76.319525 | CJ14: =AVERAGE(C14,L14,O14,R14,AB14,AK14,AZ14,BC14,BL14,BR14) -> 50.357293 | CK14: =AVERAGE(D14,J14,P14,S14,AF14,AI14,AO14,AR14,AU14,BA14,BD14,BM14) -> 28.534952 | CL14: =AVERAGE(E14,H14,K14,N14,T14,W14,Z14,AD14,AG14,AJ14,AP14,AS14,AV14,BE14,BH14,BQ14) -> 53.836188 | CN14: =(BX14-$BV14)/$BV14*100 -> 35.050797 | CO14: =(BY14-$BV14)/$BV14*100 -> -12.251617 | CP14: =(BZ14-$BV14)/$BV14*100 -> -8.0379005 | CR14: =(CB14-$BV14)/$BV14*100 -> -0.62973918 | CS14: =(CC14-$BV14)/$BV14*100 -> 47.570182 | CT14: =(CD14-$BV14)/$BV14*100 -> 117.99244 | CV14: =(CF14-$BV14)/$BV14*100 -> -40.065806 | CW14: =(CG14-$BV14)/$BV14*100 -> -23.551439 | CX14: =(CH14-$BV14)/$BV14*100 -> 55.383953 | CZ14: =(CJ14-$BV14)/$BV14*100 -> 2.5257344 | DA14: =(CK14-$BV14)/$BV14*100 -> -41.90381 | DB14: =(CL14-$BV14)/$BV14*100 -> 9.6086455 | DD14: =BX14 -> 66.332542 | DE14: =BY14 -> 43.099141 | DF14: =BZ14 -> 45.168781 | DH14: =(CB14-$DD14)/$DD14*100 -> -26.420086 | DI14: =(CC14-$DD14)/$DD14*100 -> 9.2701307 | DJ14: =(CD14-$DD14)/$DD14*100 -> 61.415149 | DL14: =(CF14-$DE14)/$DE14*100 -> -31.697665 | DM14: =(CG14-$DE14)/$DE14*100 -> -12.877528 | DN14: =(CH14-$DE14)/$DE14*100 -> 77.078994 | DP14: =(CJ14-$DF14)/$DF14*100 -> 11.486944 | DQ14: =(CK14-$DF14)/$DF14*100 -> -36.825942 | DR14: =(CL14-$DF14)/$DF14*100 -> 19.188933
A15: ='data convert'!A15 -> Dec | B15: ='data convert'!B15 -> 0 | C15: ='data convert'!C15 -> 54.6625 | D15: ='data convert'!D15 -> 0 | E15: ='data convert'!E15 -> 18.058824 | F15: ='data convert'!F15 -> 3.1733333 | G15: ='data convert'!G15 -> 3.8388889 | H15: ='data convert'!H15 -> 0 | ... BS15: ='data convert'!BS15 -> 19.92 | BV15: =AVERAGE(B15:BS15) -> 11.861542 | BX15: =AVERAGE(I15,Q15,X15,AC15,AE15,AH15,AL15,AM15,AQ15,AT15,AW15,BB15,BF15,BI15,BN15,BO15) -> 15.791533 | BY15: =AVERAGE(B15,F15,G15,M15,V15,Y15,AA15,AN15,AX15,AY15,BG15,BJ15,BK15,BP15,BS15) -> 9.2195994 | BZ15: =AVERAGE(C15,D15,E15,H15,K15,L15,N15,O15,P15,R15,S15,T15,U15,W15,Z15,AB15,AD15,AF15,AG15,AI15,AJ15,AK15,AO15,AP15,AR15,AS15,AU15,AV15,AZ15,BA15,BC15,BD15,BE15,BH15,BL15,BM15,BQ15,BR15) -> 11.41615 | CB15: =AVERAGE(I15,X15,AE15,AH15,AQ15,AT15,AW15,BF15,BI15,BO15) -> 15.721288 | CC15: =AVERAGE(AC15,AL15) -> 32.846655 | CD15: =AVERAGE(Q15,AM15,BB15,BN15) -> 7.4395833 | CF15: =AVERAGE(F15,AN15) -> 2.0103509 | CG15: =AVERAGE(G15,M15,V15,Y15,AX15,BG15,BJ15,BP15,BS15) -> 12.417613 | CH15: =AVERAGE(AA15,AY15,BK15) -> 7.5049236 | CJ15: =AVERAGE(C15,L15,O15,R15,AB15,AK15,AZ15,BC15,BL15,BR15) -> 10.643408 | CK15: =AVERAGE(D15,J15,P15,S15,AF15,AI15,AO15,AR15,AU15,BA15,BD15,BM15) -> 10.04036 | CL15: =AVERAGE(E15,H15,K15,N15,T15,W15,Z15,AD15,AG15,AJ15,AP15,AS15,AV15,BE15,BH15,BQ15) -> 13.271409 | CN15: =(BX15-$BV15)/$BV15*100 -> 33.13221 | CO15: =(BY15-$BV15)/$BV15*100 -> -22.273178 | CP15: =(BZ15-$BV15)/$BV15*100 -> -3.7549243 | CR15: =(CB15-$BV15)/$BV15*100 -> 32.540004 | CS15: =(CC15-$BV15)/$BV15*100 -> 176.91725 | CT15: =(CD15-$BV15)/$BV15*100 -> -37.279795 | CV15: =(CF15-$BV15)/$BV15*100 -> -83.051521 | CW15: =(CG15-$BV15)/$BV15*100 -> 4.6880197 | CX15: =(CH15-$BV15)/$BV15*100 -> -36.728937 | CZ15: =(CJ15-$BV15)/$BV15*100 -> -10.269608 | DA15: =(CK15-$BV15)/$BV15*100 -> -15.353665 | DB15: =(CL15-$BV15)/$BV15*100 -> 11.886036 | DD15: =BX15 -> 15.791533 | DE15: =BY15 -> 9.2195994 | DF15: =BZ15 -> 11.41615 | DH15: =(CB15-$DD15)/$DD15*100 -> -0.44482563 | DI15: =(CC15-$DD15)/$DD15*100 -> 108.00169 | DJ15: =(CD15-$DD15)/$DD15*100 -> -52.888782 | DL15: =(CF15-$DE15)/$DE15*100 -> -78.194813 | DM15: =(CG15-$DE15)/$DE15*100 -> 34.687123 | DN15: =(CH15-$DE15)/$DE15*100 -> -18.59816 | DP15: =(CJ15-$DF15)/$DF15*100 -> -6.768849 | DQ15: =(CK15-$DF15)/$DF15*100 -> -12.051256 | DR15: =(CL15-$DF15)/$DF15*100 -> 16.25118
A16: ='data convert'!A16 -> Annual | B16: =SUM(B4:B15) -> 615.5 | C16: =SUM(C4:C15) -> 764.6625 | D16: =SUM(D4:D15) -> 758.7625 | E16: =SUM(E4:E15) -> 616.55294 | F16: =SUM(F4:F15) -> 664.22 | G16: =SUM(G4:G15) -> 815.62778 | H16: =SUM(H4:H15) -> 519 | I16: =SUM(I4:I15) -> 743.2875 | ... BS16: =SUM(BS4:BS15) -> 1057.29 | BV16: =SUM(BV4:BV15) -> 783.99159 | BX16: =SUM(BX4:BX15) -> 829.10463 | BY16: =SUM(BY4:BY15) -> 816.3555 | BZ16: =SUM(BZ4:BZ15) -> 756.46948 | CB16: =SUM(CB4:CB15) -> 809.64069 | CC16: =SUM(CC4:CC15) -> 815.29456 | CD16: =SUM(CD4:CD15) -> 884.66952 | CF16: =SUM(CF4:CF15) -> 670.27579 | CG16: =SUM(CG4:CG15) -> 893.23023 | CH16: =SUM(CH4:CH15) -> 750.06961 | CJ16: =SUM(CJ4:CJ15) -> 796.26942 | CK16: =SUM(CK4:CK15) -> 736.89483 | CL16: =SUM(CL4:CL15) -> 732.4127 | CN16: =(BX16-$BV16)/$BV16*100 -> 5.7542766 | CO16: =(BY16-$BV16)/$BV16*100 -> 4.1280941 | CP16: =(BZ16-$BV16)/$BV16*100 -> -3.5105105 | CR16: =(CB16-$BV16)/$BV16*100 -> 3.2716046 | CS16: =(CC16-$BV16)/$BV16*100 -> 3.9927689 | CT16: =(CD16-$BV16)/$BV16*100 -> 12.84171 | CV16: =(CF16-$BV16)/$BV16*100 -> -14.504722 | CW16: =(CG16-$BV16)/$BV16*100 -> 13.93365 | CX16: =(CH16-$BV16)/$BV16*100 -> -4.3268295 | CZ16: =(CJ16-$BV16)/$BV16*100 -> 1.5660665 | DA16: =(CK16-$BV16)/$BV16*100 -> -6.0073047 | DB16: =(CL16-$BV16)/$BV16*100 -> -6.5790099 | DD16: =BX16 -> 829.10463 | DE16: =BY16 -> 816.3555 | DF16: =BZ16 -> 756.46948 | DH16: =(CB16-$DD16)/$DD16*100 -> -2.3475855 | DI16: =(CC16-$DD16)/$DD16*100 -> -1.665661 | DJ16: =(CD16-$DD16)/$DD16*100 -> 6.7017941 | DL16: =(CF16-$DE16)/$DE16*100 -> -17.894129 | DM16: =(CG16-$DE16)/$DE16*100 -> 9.4168205 | DN16: =(CH16-$DE16)/$DE16*100 -> -8.1197334 | DP16: =(CJ16-$DF16)/$DF16*100 -> 5.2612746 | DQ16: =(CK16-$DF16)/$DF16*100 -> -2.5876333 | DR16: =(CL16-$DF16)/$DF16*100 -> -3.1801385
A17: ='data convert'!A17 -> winter | B17: =SUM(B4:B5) -> 0 | C17: =SUM(C4:C5) -> 4.425 | D17: =SUM(D4:D5) -> 2.65 | E17: =SUM(E4:E5) -> 3.1882353 | F17: =SUM(F4:F5) -> 0.71333333 | G17: =SUM(G4:G5) -> 0 | H17: =SUM(H4:H5) -> 0.038888889 | I17: =SUM(I4:I5) -> 8.38125 | ... BS17: =SUM(BS4:BS5) -> 0.02 | BV17: =SUM(BV4:BV5) -> 5.2823073 | BX17: =SUM(BX4:BX5) -> 2.8564026 | BY17: =SUM(BY4:BY5) -> 4.6392105 | BZ17: =SUM(BZ4:BZ5) -> 6.6185954 | CB17: =SUM(CB4:CB5) -> 1.6210861 | CC17: =SUM(CC4:CC5) -> 12.200304 | CD17: =SUM(CD4:CD5) -> 1.2727431 | CF17: =SUM(CF4:CF5) -> 0.35666667 | CG17: =SUM(CG4:CG5) -> 4.0782062 | CH17: =SUM(CH4:CH5) -> 10.723656 | CJ17: =SUM(CJ4:CJ5) -> 9.5532843 | CK17: =SUM(CK4:CK5) -> 2.8115377 | CL17: =SUM(CL4:CL5) -> 6.8567067 | CN17: =(BX17-$BV17)/$BV17*100 -> -45.925096 | CO17: =(BY17-$BV17)/$BV17*100 -> -12.174543 | CP17: =(BZ17-$BV17)/$BV17*100 -> 25.297432 | CR17: =(CB17-$BV17)/$BV17*100 -> -69.311022 | CS17: =(CC17-$BV17)/$BV17*100 -> 130.96544 | CT17: =(CD17-$BV17)/$BV17*100 -> -75.905547 | CV17: =(CF17-$BV17)/$BV17*100 -> -93.2479 | CW17: =(CG17-$BV17)/$BV17*100 -> -22.794983 | CX17: =(CH17-$BV17)/$BV17*100 -> 103.01083 | CZ17: =(CJ17-$BV17)/$BV17*100 -> 80.854384 | DA17: =(CK17-$BV17)/$BV17*100 -> -46.774438 | DB17: =(CL17-$BV17)/$BV17*100 -> 29.805146 | DD17: =BX17 -> 2.8564026 | DE17: =BY17 -> 4.6392105 | DF17: =BZ17 -> 6.6185954 | DH17: =(CB17-$DD17)/$DD17*100 -> -43.247282 | DI17: =(CC17-$DD17)/$DD17*100 -> 327.12131 | DJ17: =(CD17-$DD17)/$DD17*100 -> -55.442448 | DL17: =(CF17-$DE17)/$DE17*100 -> -92.31191 | DM17: =(CG17-$DE17)/$DE17*100 -> -12.092666 | DN17: =(CH17-$DE17)/$DE17*100 -> 131.15261 | DP17: =(CJ17-$DF17)/$DF17*100 -> 44.340056 | DQ17: =(CK17-$DF17)/$DF17*100 -> -57.520628 | DR17: =(CL17-$DF17)/$DF17*100 -> 3.5976105
A18: ='data convert'!A18 -> summer | B18: =SUM(B6:B8) -> 177.38235 | C18: =SUM(C6:C8) -> 139.65 | D18: =SUM(D6:D8) -> 135.0625 | E18: =SUM(E6:E8) -> 167.75294 | F18: =SUM(F6:F8) -> 137.06667 | G18: =SUM(G6:G8) -> 50.95 | H18: =SUM(H6:H8) -> 157.65556 | I18: =SUM(I6:I8) -> 179.125 | ... BS18: =SUM(BS6:BS8) -> 171.13 | BV18: =SUM(BV6:BV8) -> 145.93713 | BX18: =SUM(BX6:BX8) -> 148.66886 | BY18: =SUM(BY6:BY8) -> 165.28668 | BZ18: =SUM(BZ6:BZ8) -> 138.76421 | CB18: =SUM(CB6:CB8) -> 137.88221 | CC18: =SUM(CC6:CC8) -> 134.6828 | CD18: =SUM(CD6:CD8) -> 182.62852 | CF18: =SUM(CF6:CF8) -> 118.9386 | CG18: =SUM(CG6:CG8) -> 182.64025 | CH18: =SUM(CH6:CH8) -> 140.09281 | CJ18: =SUM(CJ6:CJ8) -> 146.15082 | CK18: =SUM(CK6:CK8) -> 124.59292 | CL18: =SUM(CL6:CL8) -> 138.52553 | CN18: =(BX18-$BV18)/$BV18*100 -> 1.8718559 | CO18: =(BY18-$BV18)/$BV18*100 -> 13.258826 | CP18: =(BZ18-$BV18)/$BV18*100 -> -4.9150759 | CR18: =(CB18-$BV18)/$BV18*100 -> -5.5194449 | CS18: =(CC18-$BV18)/$BV18*100 -> -7.711763 | CT18: =(CD18-$BV18)/$BV18*100 -> 25.141917 | CV18: =(CF18-$BV18)/$BV18*100 -> -18.500112 | CW18: =(CG18-$BV18)/$BV18*100 -> 25.149951 | CX18: =(CH18-$BV18)/$BV18*100 -> -4.0046813 | CZ18: =(CJ18-$BV18)/$BV18*100 -> 0.14642404 | DA18: =(CK18-$BV18)/$BV18*100 -> -14.625621 | DB18: =(CL18-$BV18)/$BV18*100 -> -5.0786238 | DD18: =BX18 -> 148.66886 | DE18: =BY18 -> 165.28668 | DF18: =BZ18 -> 138.76421 | DH18: =(CB18-$DD18)/$DD18*100 -> -7.2554885 | DI18: =(CC18-$DD18)/$DD18*100 -> -9.4075235 | DJ18: =(CD18-$DD18)/$DD18*100 -> 22.842483 | DL18: =(CF18-$DE18)/$DE18*100 -> -28.041027 | DM18: =(CG18-$DE18)/$DE18*100 -> 10.499071 | DN18: =(CH18-$DE18)/$DE18*100 -> -15.242527 | DP18: =(CJ18-$DF18)/$DF18*100 -> 5.3231361 | DQ18: =(CK18-$DF18)/$DF18*100 -> -10.212497 | DR18: =(CL18-$DF18)/$DF18*100 -> -0.17200195
A19: ='data convert'!A19 -> SWMS | B19: =SUM(B9:B12) -> 340.3 | C19: =SUM(C9:C12) -> 351.875 | D19: =SUM(D9:D12) -> 323.725 | E19: =SUM(E9:E12) -> 260.12941 | F19: =SUM(F9:F12) -> 327.81333 | G19: =SUM(G9:G12) -> 328.24444 | H19: =SUM(H9:H12) -> 180.3 | I19: =SUM(I9:I12) -> 352.66875 | ... BS19: =SUM(BS9:BS12) -> 593.55 | BV19: =SUM(BV9:BV12) -> 417.7479 | BX19: =SUM(BX9:BX12) -> 470.36465 | BY19: =SUM(BY9:BY12) -> 412.39759 | BZ19: =SUM(BZ9:BZ12) -> 396.03959 | CB19: =SUM(CB9:CB12) -> 477.76255 | CC19: =SUM(CC9:CC12) -> 411.54557 | CD19: =SUM(CD9:CD12) -> 481.27945 | CF19: =SUM(CF9:CF12) -> 386.96982 | CG19: =SUM(CG9:CG12) -> 444.33884 | CH19: =SUM(CH9:CH12) -> 357.55823 | CJ19: =SUM(CJ9:CJ12) -> 427.16632 | CK19: =SUM(CK9:CK12) -> 410.34432 | CL19: =SUM(CL9:CL12) -> 377.89457 | CN19: =(BX19-$BV19)/$BV19*100 -> 12.595337 | CO19: =(BY19-$BV19)/$BV19*100 -> -1.2807494 | CP19: =(BZ19-$BV19)/$BV19*100 -> -5.1965087 | CR19: =(CB19-$BV19)/$BV19*100 -> 14.366236 | CS19: =(CC19-$BV19)/$BV19*100 -> -1.4847044 | CT19: =(CD19-$BV19)/$BV19*100 -> 15.208109 | CV19: =(CF19-$BV19)/$BV19*100 -> -7.3676185 | CW19: =(CG19-$BV19)/$BV19*100 -> 6.3653081 | CX19: =(CH19-$BV19)/$BV19*100 -> -14.40813 | CZ19: =(CJ19-$BV19)/$BV19*100 -> 2.2545713 | DA19: =(CK19-$BV19)/$BV19*100 -> -1.7722588 | DB19: =(CL19-$BV19)/$BV19*100 -> -9.5400411 | DD19: =BX19 -> 470.36465 | DE19: =BY19 -> 412.39759 | DF19: =BZ19 -> 396.03959 | DH19: =(CB19-$DD19)/$DD19*100 -> 1.5727999 | DI19: =(CC19-$DD19)/$DD19*100 -> -12.504995 | DJ19: =(CD19-$DD19)/$DD19*100 -> 2.3204978 | DL19: =(CF19-$DE19)/$DE19*100 -> -6.165838 | DM19: =(CG19-$DE19)/$DE19*100 -> 7.7452548 | DN19: =(CH19-$DE19)/$DE19*100 -> -13.297691 | DP19: =(CJ19-$DF19)/$DF19*100 -> 7.8594996 | DQ19: =(CK19-$DF19)/$DF19*100 -> 3.611945 | DR19: =(CL19-$DF19)/$DF19*100 -> -4.5816165
A20: ='data convert'!A20 -> NEMS | B20: =SUM(B13:B15) -> 97.817647 | C20: =SUM(C13:C15) -> 268.7125 | D20: =SUM(D13:D15) -> 297.325 | E20: =SUM(E13:E15) -> 185.48235 | F20: =SUM(F13:F15) -> 198.62667 | G20: =SUM(G13:G15) -> 436.43333 | H20: =SUM(H13:H15) -> 181.00556 | I20: =SUM(I13:I15) -> 203.1125 | ... BS20: =SUM(BS13:BS15) -> 292.59 | BV20: =SUM(BV13:BV15) -> 215.02426 | BX20: =SUM(BX13:BX15) -> 207.21472 | BY20: =SUM(BY13:BY15) -> 234.03202 | BZ20: =SUM(BZ13:BZ15) -> 215.04709 | CB20: =SUM(CB13:CB15) -> 192.37485 | CC20: =SUM(CC13:CC15) -> 256.86588 | CD20: =SUM(CD13:CD15) -> 219.4888 | CF20: =SUM(CF13:CF15) -> 164.0107 | CG20: =SUM(CG13:CG15) -> 262.17294 | CH20: =SUM(CH13:CH15) -> 241.69491 | CJ20: =SUM(CJ13:CJ15) -> 213.399 | CK20: =SUM(CK13:CK15) -> 199.14605 | CL20: =SUM(CL13:CL15) -> 209.13589 | CN20: =(BX20-$BV20)/$BV20*100 -> -3.6319338 | CO20: =(BY20-$BV20)/$BV20*100 -> 8.8398219 | CP20: =(BZ20-$BV20)/$BV20*100 -> 0.010618088 | CR20: =(CB20-$BV20)/$BV20*100 -> -10.533418 | CS20: =(CC20-$BV20)/$BV20*100 -> 19.459024 | CT20: =(CD20-$BV20)/$BV20*100 -> 2.0762988 | CV20: =(CF20-$BV20)/$BV20*100 -> -23.724558 | CW20: =(CG20-$BV20)/$BV20*100 -> 21.927148 | CX20: =(CH20-$BV20)/$BV20*100 -> 12.403554 | CZ20: =(CJ20-$BV20)/$BV20*100 -> -0.75584893 | DA20: =(CK20-$BV20)/$BV20*100 -> -7.3843805 | DB20: =(CL20-$BV20)/$BV20*100 -> -2.7384653 | DD20: =BX20 -> 207.21472 | DE20: =BY20 -> 234.03202 | DF20: =BZ20 -> 215.04709 | DH20: =(CB20-$DD20)/$DD20*100 -> -7.1615888 | DI20: =(CC20-$DD20)/$DD20*100 -> 23.961213 | DJ20: =(CD20-$DD20)/$DD20*100 -> 5.9233652 | DL20: =(CF20-$DE20)/$DE20*100 -> -29.919545 | DM20: =(CG20-$DE20)/$DE20*100 -> 12.024392 | DN20: =(CH20-$DE20)/$DE20*100 -> 3.2742909 | DP20: =(CJ20-$DF20)/$DF20*100 -> -0.76638564 | DQ20: =(CK20-$DF20)/$DF20*100 -> -7.3942135 | DR20: =(CL20-$DF20)/$DF20*100 -> -2.7487916
A22: ='data convert'!A22 -> Bangalore urban | BX22: Normal RF of events | CB22: El Niño | CF22: La Niña | CJ22: Neutral | CR22: El Niño | CV22: La Niña | CZ22: Neutral | DE22: Normal copyed | DH22: El Niño | DL22: La Niña | DP22: Neutral
A23: ='data convert'!A23 -> Year | B23: 1951 | C23: 1952 | D23: 1953 | E23: 1954 | F23: 1955 | G23: 1956 | H23: 1957 | I23: 1958 | J23: 1959 | K23: 1960 | L23: 1961 | M23: 1962 | N23: 1963 | O23: 1964 | P23: 1965 | Q23: 1966 | R23: 1967 | S23: 1968 | T23: 1969 | U23: 1970 | V23: 1971 | W23: 1972 | X23: 1973 | Y23: 1974 | Z23: 1975 | AA23: 1976 | AB23: 1977 | AC23: 1978 | AD23: 1979 | AE23: 1980 | AF23: 1981 | AG23: 1982 | AH23: 1983 | AI23: 1984 | AJ23: 1985 | AK23: 1986 | AL23: 1987 | AM23: 1988 | AN23: 1989 | AO23: 1990 | AP23: 1991 | AQ23: 1992 | AR23: 1993 | AS23: 1994 | AT23: 1995 | AU23: 1996 | AV23: 1997 | AW23: 1998 | AX23: 1999 | AY23: 2000 | AZ23: 2001 | BA23: 2002 | BB23: 2003 | BC23: 2004 | BD23: 2005 | BE23: 2006 | BF23: 2007 | BG23: 2008 | BH23: 2009 | BI23: 2010 | BJ23: 2011 | BK23: 2012 | BL23: 2013 | BM23: 2014 | BN23: 2015 | BO23: 2016 | BP23: 2017 | BQ23: 2018 | BR23: 2019 | BS23: 2020 | BV23: Normal | BX23: El Niño | BY23: La Niña | BZ23: Neutral | CB23: el PIOD | CC23: el NIOD | CD23: el NUIOD | CF23: la PIOD | CG23: la NIOD | CH23: la NUIOD | CJ23: Nu PIOD | CK23: Nu NIOD | CL23: Nu NUIOD | CN23: El Niño | CO23: La Niña | CP23: Neutral | CR23: el PIOD | CS23: el NIOD | CT23: el NUIOD | CV23: la PIOD | CW23: la NIOD | CX23: la NUIOD | CZ23: Nu PIOD | DA23: Nu NIOD | DB23: Nu NUIOD | DD23: El Niño | DE23: La Niña | DF23: Neutral | DH23: el PIOD | DI23: el NIOD | DJ23: el NUIOD | DL23: la PIOD | DM23: la NIOD | DN23: la NUIOD | DP23: Nu PIOD | DQ23: Nu NIOD | DR23: Nu NUIOD
A24: ='data convert'!A24 -> Jan | B24: ='data convert'!B24 -> 0 | C24: ='data convert'!C24 -> 0 | D24: ='data convert'!D24 -> 0 | E24: ='data convert'!E24 -> 3.28 | F24: ='data convert'!F24 -> 5.45 | G24: ='data convert'!G24 -> 1.2857143 | H24: ='data convert'!H24 -> 0.75454545 | ... BS24: ='data convert'!BS24 -> 0.03 | BV24: =AVERAGE(B24:BS24) -> 1.4469783 | BX24: =AVERAGE(I24,Q24,X24,AC24,AE24,AH24,AL24,AM24,AQ24,AT24,AW24,BB24,BF24,BI24,BN24,BO24) -> 2.2466264 | BY24: =AVERAGE(B24,F24,G24,M24,V24,Y24,AA24,AN24,AX24,AY24,BG24,BJ24,BK24,BP24,BS24) -> 0.5153895 | BZ24: =AVERAGE(C24,D24,E24,H24,K24,L24,N24,O24,P24,R24,S24,T24,U24,W24,Z24,AB24,AD24,AF24,AG24,AI24,AJ24,AK24,AO24,AP24,AR24,AS24,AU24,AV24,AZ24,BA24,BC24,BD24,BE24,BH24,BL24,BM24,BQ24,BR24) -> 1.5160951 | CB24: =AVERAGE(I24,X24,AE24,AH24,AQ24,AT24,AW24,BF24,BI24,BO24) -> 2.7946023 | CC24: =AVERAGE(AC24,AL24) -> 0 | CD24: =AVERAGE(Q24,AM24,BB24,BN24) -> 2 | CF24: =AVERAGE(F24,AN24) -> 2.725 | CG24: =AVERAGE(G24,M24,V24,Y24,AX24,BG24,BJ24,BP24,BS24) -> 0.21713065 | CH24: =AVERAGE(AA24,AY24,BK24) -> 0.10888889 | CJ24: =AVERAGE(C24,L24,O24,R24,AB24,AK24,AZ24,BC24,BL24,BR24) -> 3.7073968 | CK24: =AVERAGE(D24,J24,P24,S24,AF24,AI24,AO24,AR24,AU24,BA24,BD24,BM24) -> 0.28651936 | CL24: =AVERAGE(E24,H24,K24,N24,T24,W24,Z24,AD24,AG24,AJ24,AP24,AS24,AV24,BE24,BH24,BQ24) -> 1.0687134 | CN24: =(BX24-$BV24)/$BV24*100 -> 55.263312 | CO24: =(BY24-$BV24)/$BV24*100 -> -64.38167 | CP24: =(BZ24-$BV24)/$BV24*100 -> 4.7766333 | CR24: =(CB24-$BV24)/$BV24*100 -> 93.133669 | CS24: =(CC24-$BV24)/$BV24*100 -> -100 | CT24: =(CD24-$BV24)/$BV24*100 -> 38.219074 | CV24: =(CF24-$BV24)/$BV24*100 -> 88.323489 | CW24: =(CG24-$BV24)/$BV24*100 -> -84.994201 | CX24: =(CH24-$BV24)/$BV24*100 -> -92.474739 | CZ24: =(CJ24-$BV24)/$BV24*100 -> 156.21648 | DA24: =(CK24-$BV24)/$BV24*100 -> -80.19878 | DB24: =(CL24-$BV24)/$BV24*100 -> -26.14171 | DD24: =BX24 -> 2.2466264 | DE24: =BY24 -> 0.5153895 | DF24: =BZ24 -> 1.5160951 | DH24: =(CB24-$DD24)/$DD24*100 -> 24.391054 | DI24: =(CC24-$DD24)/$DD24*100 -> -100 | DJ24: =(CD24-$DD24)/$DD24*100 -> -10.977634 | DL24: =(CF24-$DE24)/$DE24*100 -> 428.72633 | DM24: =(CG24-$DE24)/$DE24*100 -> -57.870572 | DN24: =(CH24-$DE24)/$DE24*100 -> -78.872505 | DP24: =(CJ24-$DF24)/$DF24*100 -> 144.5359 | DQ24: =(CK24-$DF24)/$DF24*100 -> -81.101492 | DR24: =(CL24-$DF24)/$DF24*100 -> -29.508816
A25: ='data convert'!A25 -> Feb | B25: ='data convert'!B25 -> 0 | C25: ='data convert'!C25 -> 2.7 | D25: ='data convert'!D25 -> 0.9 | E25: ='data convert'!E25 -> 0 | F25: ='data convert'!F25 -> 0 | G25: ='data convert'!G25 -> 0 | H25: ='data convert'!H25 -> 0 | ... BS25: ='data convert'!BS25 -> 0 | BV25: =AVERAGE(B25:BS25) -> 4.787904 | BX25: =AVERAGE(I25,Q25,X25,AC25,AE25,AH25,AL25,AM25,AQ25,AT25,AW25,BB25,BF25,BI25,BN25,BO25) -> 0.87272616 | BY25: =AVERAGE(B25,F25,G25,M25,V25,Y25,AA25,AN25,AX25,AY25,BG25,BJ25,BK25,BP25,BS25) -> 5.681699 | BZ25: =AVERAGE(C25,D25,E25,H25,K25,L25,N25,O25,P25,R25,S25,T25,U25,W25,Z25,AB25,AD25,AF25,AG25,AI25,AJ25,AK25,AO25,AP25,AR25,AS25,AU25,AV25,AZ25,BA25,BC25,BD25,BE25,BH25,BL25,BM25,BQ25,BR25) -> 5.6510309 | CB25: =AVERAGE(I25,X25,AE25,AH25,AQ25,AT25,AW25,BF25,BI25,BO25) -> 0.070636364 | CC25: =AVERAGE(AC25,AL25) -> 5.3352941 | CD25: =AVERAGE(Q25,AM25,BB25,BN25) -> 0.64666667 | CF25: =AVERAGE(F25,AN25) -> 0 | CG25: =AVERAGE(G25,M25,V25,Y25,AX25,BG25,BJ25,BP25,BS25) -> 3.9536254 | CH25: =AVERAGE(AA25,AY25,BK25) -> 16.547619 | CJ25: =AVERAGE(C25,L25,O25,R25,AB25,AK25,AZ25,BC25,BL25,BR25) -> 7.8363889 | CK25: =AVERAGE(D25,J25,P25,S25,AF25,AI25,AO25,AR25,AU25,BA25,BD25,BM25) -> 4.4801726 | CL25: =AVERAGE(E25,H25,K25,N25,T25,W25,Z25,AD25,AG25,AJ25,AP25,AS25,AV25,BE25,BH25,BQ25) -> 5.0310343 | CN25: =(BX25-$BV25)/$BV25*100 -> -81.772271 | CO25: =(BY25-$BV25)/$BV25*100 -> 18.667773 | CP25: =(BZ25-$BV25)/$BV25*100 -> 18.02724 | CR25: =(CB25-$BV25)/$BV25*100 -> -98.524691 | CS25: =(CC25-$BV25)/$BV25*100 -> 11.432772 | CT25: =(CD25-$BV25)/$BV25*100 -> -86.493742 | CV25: =(CF25-$BV25)/$BV25*100 -> -100 | CW25: =(CG25-$BV25)/$BV25*100 -> -17.424715 | CX25: =(CH25-$BV25)/$BV25*100 -> 245.61301 | CZ25: =(CJ25-$BV25)/$BV25*100 -> 63.670552 | DA25: =(CK25-$BV25)/$BV25*100 -> -6.4272682 | DB25: =(CL25-$BV25)/$BV25*100 -> 5.0780118 | DD25: =BX25 -> 0.87272616 | DE25: =BY25 -> 5.681699 | DF25: =BZ25 -> 5.6510309 | DH25: =(CB25-$DD25)/$DD25*100 -> -91.90624 | DI25: =(CC25-$DD25)/$DD25*100 -> 511.33656 | DJ25: =(CD25-$DD25)/$DD25*100 -> -25.902683 | DL25: =(CF25-$DE25)/$DE25*100 -> -100 | DM25: =(CG25-$DE25)/$DE25*100 -> -30.414734 | DN25: =(CH25-$DE25)/$DE25*100 -> 191.2442 | DP25: =(CJ25-$DF25)/$DF25*100 -> 38.671846 | DQ25: =(CK25-$DF25)/$DF25*100 -> -20.719376 | DR25: =(CL25-$DF25)/$DF25*100 -> -10.971389
A26: ='data convert'!A26 -> Mar | B26: ='data convert'!B26 -> 2.2875 | C26: ='data convert'!C26 -> 0 | D26: ='data convert'!D26 -> 0 | E26: ='data convert'!E26 -> 0 | F26: ='data convert'!F26 -> 1.85 | G26: ='data convert'!G26 -> 0 | H26: ='data convert'!H26 -> 25.454545 | ... BS26: ='data convert'!BS26 -> 13.42 | BV26: =AVERAGE(B26:BS26) -> 10.145457 | BX26: =AVERAGE(I26,Q26,X26,AC26,AE26,AH26,AL26,AM26,AQ26,AT26,AW26,BB26,BF26,BI26,BN26,BO26) -> 8.9060144 | BY26: =AVERAGE(B26,F26,G26,M26,V26,Y26,AA26,AN26,AX26,AY26,BG26,BJ26,BK26,BP26,BS26) -> 13.69156 | BZ26: =AVERAGE(C26,D26,E26,H26,K26,L26,N26,O26,P26,R26,S26,T26,U26,W26,Z26,AB26,AD26,AF26,AG26,AI26,AJ26,AK26,AO26,AP26,AR26,AS26,AU26,AV26,AZ26,BA26,BC26,BD26,BE26,BH26,BL26,BM26,BQ26,BR26) -> 9.5345352 | CB26: =AVERAGE(I26,X26,AE26,AH26,AQ26,AT26,AW26,BF26,BI26,BO26) -> 6.0515668 | CC26: =AVERAGE(AC26,AL26) -> 10.243439 | CD26: =AVERAGE(Q26,AM26,BB26,BN26) -> 15.373421 | CF26: =AVERAGE(F26,AN26) -> 5.3392857 | CG26: =AVERAGE(G26,M26,V26,Y26,AX26,BG26,BJ26,BP26,BS26) -> 21.283355 | CH26: =AVERAGE(AA26,AY26,BK26) -> 0.28571429 | CJ26: =AVERAGE(C26,L26,O26,R26,AB26,AK26,AZ26,BC26,BL26,BR26) -> 4.600246 | CK26: =AVERAGE(D26,J26,P26,S26,AF26,AI26,AO26,AR26,AU26,BA26,BD26,BM26) -> 11.032078 | CL26: =AVERAGE(E26,H26,K26,N26,T26,W26,Z26,AD26,AG26,AJ26,AP26,AS26,AV26,BE26,BH26,BQ26) -> 11.181247 | CN26: =(BX26-$BV26)/$BV26*100 -> -12.216723 | CO26: =(BY26-$BV26)/$BV26*100 -> 34.952627 | CP26: =(BZ26-$BV26)/$BV26*100 -> -6.0216271 | CR26: =(CB26-$BV26)/$BV26*100 -> -40.351953 | CS26: =(CC26-$BV26)/$BV26*100 -> 0.96577349 | CT26: =(CD26-$BV26)/$BV26*100 -> 51.530102 | CV26: =(CF26-$BV26)/$BV26*100 -> -47.372643 | CW26: =(CG26-$BV26)/$BV26*100 -> 109.78212 | CX26: =(CH26-$BV26)/$BV26*100 -> -97.18382 | CZ26: =(CJ26-$BV26)/$BV26*100 -> -54.657083 | DA26: =(CK26-$BV26)/$BV26*100 -> 8.7390924 | DB26: =(CL26-$BV26)/$BV26*100 -> 10.209396 | DD26: =BX26 -> 8.9060144 | DE26: =BY26 -> 13.69156 | DF26: =BZ26 -> 9.5345352 | DH26: =(CB26-$DD26)/$DD26*100 -> -32.050786 | DI26: =(CC26-$DD26)/$DD26*100 -> 15.017094 | DJ26: =(CD26-$DD26)/$DD26*100 -> 72.618417 | DL26: =(CF26-$DE26)/$DE26*100 -> -61.003088 | DM26: =(CG26-$DE26)/$DE26*100 -> 55.448715 | DN26: =(CH26-$DE26)/$DE26*100 -> -97.913209 | DP26: =(CJ26-$DF26)/$DF26*100 -> -51.751754 | DQ26: =(CK26-$DF26)/$DF26*100 -> 15.706507 | DR26: =(CL26-$DF26)/$DF26*100 -> 17.271019
A27: ='data convert'!A27 -> Apr | B27: ='data convert'!B27 -> 11.6875 | C27: ='data convert'!C27 -> 4.275 | D27: ='data convert'!D27 -> 98.44 | E27: ='data convert'!E27 -> 13.82 | F27: ='data convert'!F27 -> 51.866667 | G27: ='data convert'!G27 -> 18.571429 | H27: ='data convert'!H27 -> 22.518182 | ... BS27: ='data convert'!BS27 -> 85.05 | BV27: =AVERAGE(B27:BS27) -> 39.821299 | BX27: =AVERAGE(I27,Q27,X27,AC27,AE27,AH27,AL27,AM27,AQ27,AT27,AW27,BB27,BF27,BI27,BN27,BO27) -> 43.391726 | BY27: =AVERAGE(B27,F27,G27,M27,V27,Y27,AA27,AN27,AX27,AY27,BG27,BJ27,BK27,BP27,BS27) -> 50.327154 | BZ27: =AVERAGE(C27,D27,E27,H27,K27,L27,N27,O27,P27,R27,S27,T27,U27,W27,Z27,AB27,AD27,AF27,AG27,AI27,AJ27,AK27,AO27,AP27,AR27,AS27,AU27,AV27,AZ27,BA27,BC27,BD27,BE27,BH27,BL27,BM27,BQ27,BR27) -> 34.329368 | CB27: =AVERAGE(I27,X27,AE27,AH27,AQ27,AT27,AW27,BF27,BI27,BO27) -> 36.625254 | CC27: =AVERAGE(AC27,AL27) -> 37.157014 | CD27: =AVERAGE(Q27,AM27,BB27,BN27) -> 63.425263 | CF27: =AVERAGE(F27,AN27) -> 34.32619 | CG27: =AVERAGE(G27,M27,V27,Y27,AX27,BG27,BJ27,BP27,BS27) -> 59.209026 | CH27: =AVERAGE(AA27,AY27,BK27) -> 47.22873 | CJ27: =AVERAGE(C27,L27,O27,R27,AB27,AK27,AZ27,BC27,BL27,BR27) -> 40.159127 | CK27: =AVERAGE(D27,J27,P27,S27,AF27,AI27,AO27,AR27,AU27,BA27,BD27,BM27) -> 33.613211 | CL27: =AVERAGE(E27,H27,K27,N27,T27,W27,Z27,AD27,AG27,AJ27,AP27,AS27,AV27,BE27,BH27,BQ27) -> 30.503096 | CN27: =(BX27-$BV27)/$BV27*100 -> 8.9661245 | CO27: =(BY27-$BV27)/$BV27*100 -> 26.382502 | CP27: =(BZ27-$BV27)/$BV27*100 -> -13.79144 | CR27: =(CB27-$BV27)/$BV27*100 -> -8.025969 | CS27: =(CC27-$BV27)/$BV27*100 -> -6.6906037 | CT27: =(CD27-$BV27)/$BV27*100 -> 59.274722 | CV27: =(CF27-$BV27)/$BV27*100 -> -13.79942 | CW27: =(CG27-$BV27)/$BV27*100 -> 48.686828 | CX27: =(CH27-$BV27)/$BV27*100 -> 18.601682 | CZ27: =(CJ27-$BV27)/$BV27*100 -> 0.84836035 | DA27: =(CK27-$BV27)/$BV27*100 -> -15.589869 | DB27: =(CL27-$BV27)/$BV27*100 -> -23.400048 | DD27: =BX27 -> 43.391726 | DE27: =BY27 -> 50.327154 | DF27: =BZ27 -> 34.329368 | DH27: =(CB27-$DD27)/$DD27*100 -> -15.593923 | DI27: =(CC27-$DD27)/$DD27*100 -> -14.368436 | DJ27: =(CD27-$DD27)/$DD27*100 -> 46.169025 | DL27: =(CF27-$DE27)/$DE27*100 -> -31.793897 | DM27: =(CG27-$DE27)/$DE27*100 -> 17.648271 | DN27: =(CH27-$DE27)/$DE27*100 -> -6.1565645 | DP27: =(CJ27-$DF27)/$DF27*100 -> 16.981841 | DQ27: =(CK27-$DF27)/$DF27*100 -> -2.0861369 | DR27: =(CL27-$DF27)/$DF27*100 -> -11.145771
A28: ='data convert'!A28 -> May | B28: ='data convert'!B28 -> 109.2375 | C28: ='data convert'!C28 -> 60.65 | D28: ='data convert'!D28 -> 38.7 | E28: ='data convert'!E28 -> 150.16 | F28: ='data convert'!F28 -> 117.06667 | G28: ='data convert'!G28 -> 19.228571 | H28: ='data convert'!H28 -> 205.12727 | ... BS28: ='data convert'!BS28 -> 107.81 | BV28: =AVERAGE(B28:BS28) -> 99.253855 | BX28: =AVERAGE(I28,Q28,X28,AC28,AE28,AH28,AL28,AM28,AQ28,AT28,AW28,BB28,BF28,BI28,BN28,BO28) -> 96.780139 | BY28: =AVERAGE(B28,F28,G28,M28,V28,Y28,AA28,AN28,AX28,AY28,BG28,BJ28,BK28,BP28,BS28) -> 107.36349 | BZ28: =AVERAGE(C28,D28,E28,H28,K28,L28,N28,O28,P28,R28,S28,T28,U28,W28,Z28,AB28,AD28,AF28,AG28,AI28,AJ28,AK28,AO28,AP28,AR28,AS28,AU28,AV28,AZ28,BA28,BC28,BD28,BE28,BH28,BL28,BM28,BQ28,BR28) -> 97.740402 | CB28: =AVERAGE(I28,X28,AE28,AH28,AQ28,AT28,AW28,BF28,BI28,BO28) -> 107.04145 | CC28: =AVERAGE(AC28,AL28) -> 71.402262 | CD28: =AVERAGE(Q28,AM28,BB28,BN28) -> 83.815789 | CF28: =AVERAGE(F28,AN28) -> 92.086905 | CG28: =AVERAGE(G28,M28,V28,Y28,AX28,BG28,BJ28,BP28,BS28) -> 119.00721 | CH28: =AVERAGE(AA28,AY28,BK28) -> 81.992063 | CJ28: =AVERAGE(C28,L28,O28,R28,AB28,AK28,AZ28,BC28,BL28,BR28) -> 100.40909 | CK28: =AVERAGE(D28,J28,P28,S28,AF28,AI28,AO28,AR28,AU28,BA28,BD28,BM28) -> 78.109556 | CL28: =AVERAGE(E28,H28,K28,N28,T28,W28,Z28,AD28,AG28,AJ28,AP28,AS28,AV28,BE28,BH28,BQ28) -> 105.83207 | CN28: =(BX28-$BV28)/$BV28*100 -> -2.4923121 | CO28: =(BY28-$BV28)/$BV28*100 -> 8.1705996 | CP28: =(BZ28-$BV28)/$BV28*100 -> -1.5248306 | CR28: =(CB28-$BV28)/$BV28*100 -> 7.846143 | CS28: =(CC28-$BV28)/$BV28*100 -> -28.060968 | CT28: =(CD28-$BV28)/$BV28*100 -> -15.554122 | CV28: =(CF28-$BV28)/$BV28*100 -> -7.2208282 | CW28: =(CG28-$BV28)/$BV28*100 -> 19.901847 | CX28: =(CH28-$BV28)/$BV28*100 -> -17.391558 | CZ28: =(CJ28-$BV28)/$BV28*100 -> 1.1639167 | DA28: =(CK28-$BV28)/$BV28*100 -> -21.303252 | DB28: =(CL28-$BV28)/$BV28*100 -> 6.6276631 | DD28: =BX28 -> 96.780139 | DE28: =BY28 -> 107.36349 | DF28: =BZ28 -> 97.740402 | DH28: =(CB28-$DD28)/$DD28*100 -> 10.602708 | DI28: =(CC28-$DD28)/$DD28*100 -> -26.222195 | DJ28: =(CD28-$DD28)/$DD28*100 -> -13.395672 | DL28: =(CF28-$DE28)/$DE28*100 -> -14.228846 | DM28: =(CG28-$DE28)/$DE28*100 -> 10.845135 | DN28: =(CH28-$DE28)/$DE28*100 -> -23.631336 | DP28: =(CJ28-$DF28)/$DF28*100 -> 2.730381 | DQ28: =(CK28-$DF28)/$DF28*100 -> -20.084679 | DR28: =(CL28-$DF28)/$DF28*100 -> 8.2787303
A29: ='data convert'!A29 -> Jun | B29: ='data convert'!B29 -> 27.0125 | C29: ='data convert'!C29 -> 71.975 | D29: ='data convert'!D29 -> 77.14 | E29: ='data convert'!E29 -> 53.98 | F29: ='data convert'!F29 -> 44.15 | G29: ='data convert'!G29 -> 60.385714 | H29: ='data convert'!H29 -> 80.245455 | ... BS29: ='data convert'!BS29 -> 109.09 | BV29: =AVERAGE(B29:BS29) -> 67.525707 | BX29: =AVERAGE(I29,Q29,X29,AC29,AE29,AH29,AL29,AM29,AQ29,AT29,AW29,BB29,BF29,BI29,BN29,BO29) -> 68.210562 | BY29: =AVERAGE(B29,F29,G29,M29,V29,Y29,AA29,AN29,AX29,AY29,BG29,BJ29,BK29,BP29,BS29) -> 43.178882 | BZ29: =AVERAGE(C29,D29,E29,H29,K29,L29,N29,O29,P29,R29,S29,T29,U29,W29,Z29,AB29,AD29,AF29,AG29,AI29,AJ29,AK29,AO29,AP29,AR29,AS29,AU29,AV29,AZ29,BA29,BC29,BD29,BE29,BH29,BL29,BM29,BQ29,BR29) -> 76.022297 | CB29: =AVERAGE(I29,X29,AE29,AH29,AQ29,AT29,AW29,BF29,BI29,BO29) -> 79.322635 | CC29: =AVERAGE(AC29,AL29) -> 54.973077 | CD29: =AVERAGE(Q29,AM29,BB29,BN29) -> 47.049123 | CF29: =AVERAGE(F29,AN29) -> 43.653571 | CG29: =AVERAGE(G29,M29,V29,Y29,AX29,BG29,BJ29,BP29,BS29) -> 48.254737 | CH29: =AVERAGE(AA29,AY29,BK29) -> 33.023651 | CJ29: =AVERAGE(C29,L29,O29,R29,AB29,AK29,AZ29,BC29,BL29,BR29) -> 73.614881 | CK29: =AVERAGE(D29,J29,P29,S29,AF29,AI29,AO29,AR29,AU29,BA29,BD29,BM29) -> 74.89789 | CL29: =AVERAGE(E29,H29,K29,N29,T29,W29,Z29,AD29,AG29,AJ29,AP29,AS29,AV29,BE29,BH29,BQ29) -> 81.170757 | CN29: =(BX29-$BV29)/$BV29*100 -> 1.0142138 | CO29: =(BY29-$BV29)/$BV29*100 -> -36.055639 | CP29: =(BZ29-$BV29)/$BV29*100 -> 12.582748 | CR29: =(CB29-$BV29)/$BV29*100 -> 17.470277 | CS29: =(CC29-$BV29)/$BV29*100 -> -18.58941 | CT29: =(CD29-$BV29)/$BV29*100 -> -30.324132 | CV29: =(CF29-$BV29)/$BV29*100 -> -35.352663 | CW29: =(CG29-$BV29)/$BV29*100 -> -28.538716 | CX29: =(CH29-$BV29)/$BV29*100 -> -51.094698 | CZ29: =(CJ29-$BV29)/$BV29*100 -> 9.0175639 | DA29: =(CK29-$BV29)/$BV29*100 -> 10.917595 | DB29: =(CL29-$BV29)/$BV29*100 -> 20.207193 | DD29: =BX29 -> 68.210562 | DE29: =BY29 -> 43.178882 | DF29: =BZ29 -> 76.022297 | DH29: =(CB29-$DD29)/$DD29*100 -> 16.290839 | DI29: =(CC29-$DD29)/$DD29*100 -> -19.406797 | DJ29: =(CD29-$DD29)/$DD29*100 -> -31.023699 | DL29: =(CF29-$DE29)/$DE29*100 -> 1.0993551 | DM29: =(CG29-$DE29)/$DE29*100 -> 11.755412 | DN29: =(CH29-$DE29)/$DE29*100 -> -23.518977 | DP29: =(CJ29-$DF29)/$DF29*100 -> -3.1667233 | DQ29: =(CK29-$DF29)/$DF29*100 -> -1.4790481 | DR29: =(CL29-$DF29)/$DF29*100 -> 6.7723032
A30: ='data convert'!A30 -> Jul | B30: ='data convert'!B30 -> 104.75 | C30: ='data convert'!C30 -> 98.45 | D30: ='data convert'!D30 -> 125.16 | E30: ='data convert'!E30 -> 153.46 | F30: ='data convert'!F30 -> 58.616667 | G30: ='data convert'!G30 -> 95.985714 | H30: ='data convert'!H30 -> 20.436364 | ... BS30: ='data convert'!BS30 -> 175.34 | BV30: =AVERAGE(B30:BS30) -> 82.986313 | BX30: =AVERAGE(I30,Q30,X30,AC30,AE30,AH30,AL30,AM30,AQ30,AT30,AW30,BB30,BF30,BI30,BN30,BO30) -> 98.558786 | BY30: =AVERAGE(B30,F30,G30,M30,V30,Y30,AA30,AN30,AX30,AY30,BG30,BJ30,BK30,BP30,BS30) -> 90.034781 | BZ30: =AVERAGE(C30,D30,E30,H30,K30,L30,N30,O30,P30,R30,S30,T30,U30,W30,Z30,AB30,AD30,AF30,AG30,AI30,AJ30,AK30,AO30,AP30,AR30,AS30,AU30,AV30,AZ30,BA30,BC30,BD30,BE30,BH30,BL30,BM30,BQ30,BR30) -> 75.01624 | CB30: =AVERAGE(I30,X30,AE30,AH30,AQ30,AT30,AW30,BF30,BI30,BO30) -> 102.64423 | CC30: =AVERAGE(AC30,AL30) -> 69.580543 | CD30: =AVERAGE(Q30,AM30,BB30,BN30) -> 102.8343 | CF30: =AVERAGE(F30,AN30) -> 108.82976 | CG30: =AVERAGE(G30,M30,V30,Y30,AX30,BG30,BJ30,BP30,BS30) -> 93.528128 | CH30: =AVERAGE(AA30,AY30,BK30) -> 62.119683 | CJ30: =AVERAGE(C30,L30,O30,R30,AB30,AK30,AZ30,BC30,BL30,BR30) -> 103.34446 | CK30: =AVERAGE(D30,J30,P30,S30,AF30,AI30,AO30,AR30,AU30,BA30,BD30,BM30) -> 62.187793 | CL30: =AVERAGE(E30,H30,K30,N30,T30,W30,Z30,AD30,AG30,AJ30,AP30,AS30,AV30,BE30,BH30,BQ30) -> 64.955614 | CN30: =(BX30-$BV30)/$BV30*100 -> 18.76511 | CO30: =(BY30-$BV30)/$BV30*100 -> 8.4935316 | CP30: =(BZ30-$BV30)/$BV30*100 -> -9.6040816 | CR30: =(CB30-$BV30)/$BV30*100 -> 23.688143 | CS30: =(CC30-$BV30)/$BV30*100 -> -16.154194 | CT30: =(CD30-$BV30)/$BV30*100 -> 23.91718 | CV30: =(CF30-$BV30)/$BV30*100 -> 31.141821 | CW30: =(CG30-$BV30)/$BV30*100 -> 12.703077 | CX30: =(CH30-$BV30)/$BV30*100 -> -25.144665 | CZ30: =(CJ30-$BV30)/$BV30*100 -> 24.531934 | DA30: =(CK30-$BV30)/$BV30*100 -> -25.062591 | DB30: =(CL30-$BV30)/$BV30*100 -> -21.727317 | DD30: =BX30 -> 98.558786 | DE30: =BY30 -> 90.034781 | DF30: =BZ30 -> 75.01624 | DH30: =(CB30-$DD30)/$DD30*100 -> 4.1451844 | DI30: =(CC30-$DD30)/$DD30*100 -> -29.401988 | DJ30: =(CD30-$DD30)/$DD30*100 -> 4.3380331 | DL30: =(CF30-$DE30)/$DE30*100 -> 20.875244 | DM30: =(CG30-$DE30)/$DE30*100 -> 3.8799965 | DN30: =(CH30-$DE30)/$DE30*100 -> -31.004794 | DP30: =(CJ30-$DF30)/$DF30*100 -> 37.762784 | DQ30: =(CK30-$DF30)/$DF30*100 -> -17.100893 | DR30: =(CL30-$DF30)/$DF30*100 -> -13.411264
A31: ='data convert'!A31 -> Aug | B31: ='data convert'!B31 -> 24.275 | C31: ='data convert'!C31 -> 91.15 | D31: ='data convert'!D31 -> 29.1 | E31: ='data convert'!E31 -> 105.64 | F31: ='data convert'!F31 -> 106.48333 | G31: ='data convert'!G31 -> 53.414286 | H31: ='data convert'!H31 -> 42.545455 | ... BS31: ='data convert'!BS31 -> 67.92 | BV31: =AVERAGE(B31:BS31) -> 112.82599 | BX31: =AVERAGE(I31,Q31,X31,AC31,AE31,AH31,AL31,AM31,AQ31,AT31,AW31,BB31,BF31,BI31,BN31,BO31) -> 133.81973 | BY31: =AVERAGE(B31,F31,G31,M31,V31,Y31,AA31,AN31,AX31,AY31,BG31,BJ31,BK31,BP31,BS31) -> 136.05542 | BZ31: =AVERAGE(C31,D31,E31,H31,K31,L31,N31,O31,P31,R31,S31,T31,U31,W31,Z31,AB31,AD31,AF31,AG31,AI31,AJ31,AK31,AO31,AP31,AR31,AS31,AU31,AV31,AZ31,BA31,BC31,BD31,BE31,BH31,BL31,BM31,BQ31,BR31) -> 93.269663 | CB31: =AVERAGE(I31,X31,AE31,AH31,AQ31,AT31,AW31,BF31,BI31,BO31) -> 151.71075 | CC31: =AVERAGE(AC31,AL31) -> 88.583937 | CD31: =AVERAGE(Q31,AM31,BB31,BN31) -> 111.71009 | CF31: =AVERAGE(F31,AN31) -> 73.113095 | CG31: =AVERAGE(G31,M31,V31,Y31,AX31,BG31,BJ31,BP31,BS31) -> 150.87345 | CH31: =AVERAGE(AA31,AY31,BK31) -> 170.82302 | CJ31: =AVERAGE(C31,L31,O31,R31,AB31,AK31,AZ31,BC31,BL31,BR31) -> 82.617103 | CK31: =AVERAGE(D31,J31,P31,S31,AF31,AI31,AO31,AR31,AU31,BA31,BD31,BM31) -> 105.78343 | CL31: =AVERAGE(E31,H31,K31,N31,T31,W31,Z31,AD31,AG31,AJ31,AP31,AS31,AV31,BE31,BH31,BQ31) -> 95.367187 | CN31: =(BX31-$BV31)/$BV31*100 -> 18.607189 | CO31: =(BY31-$BV31)/$BV31*100 -> 20.588724 | CP31: =(BZ31-$BV31)/$BV31*100 -> -17.333175 | CR31: =(CB31-$BV31)/$BV31*100 -> 34.464367 | CS31: =(CC31-$BV31)/$BV31*100 -> -21.486231 | CT31: =(CD31-$BV31)/$BV31*100 -> -0.98904684 | CV31: =(CF31-$BV31)/$BV31*100 -> -35.198357 | CW31: =(CG31-$BV31)/$BV31*100 -> 33.722251 | CX31: =(CH31-$BV31)/$BV31*100 -> 51.40396 | CZ31: =(CJ31-$BV31)/$BV31*100 -> -26.774759 | DA31: =(CK31-$BV31)/$BV31*100 -> -6.2419639 | DB31: =(CL31-$BV31)/$BV31*100 -> -15.474097 | DD31: =BX31 -> 133.81973 | DE31: =BY31 -> 136.05542 | DF31: =BZ31 -> 93.269663 | DH31: =(CB31-$DD31)/$DD31*100 -> 13.369492 | DI31: =(CC31-$DD31)/$DD31*100 -> -33.803533 | DJ31: =(CD31-$DD31)/$DD31*100 -> -16.521963 | DL31: =(CF31-$DE31)/$DE31*100 -> -46.26227 | DM31: =(CG31-$DE31)/$DE31*100 -> 10.891174 | DN31: =(CH31-$DE31)/$DE31*100 -> 25.553994 | DP31: =(CJ31-$DF31)/$DF31*100 -> -11.421249 | DQ31: =(CK31-$DF31)/$DF31*100 -> 13.416762 | DR31: =(CL31-$DF31)/$DF31*100 -> 2.2488806
A32: ='data convert'!A32 -> Sep | B32: ='data convert'!B32 -> 92.65 | C32: ='data convert'!C32 -> 89.95 | D32: ='data convert'!D32 -> 131.8 | E32: ='data convert'!E32 -> 16.74 | F32: ='data convert'!F32 -> 120.25 | G32: ='data convert'!G32 -> 194.42857 | H32: ='data convert'!H32 -> 37.881818 | ... BS32: ='data convert'!BS32 -> 183.88 | BV32: =AVERAGE(B32:BS32) -> 166.31554 | BX32: =AVERAGE(I32,Q32,X32,AC32,AE32,AH32,AL32,AM32,AQ32,AT32,AW32,BB32,BF32,BI32,BN32,BO32) -> 165.58838 | BY32: =AVERAGE(B32,F32,G32,M32,V32,Y32,AA32,AN32,AX32,AY32,BG32,BJ32,BK32,BP32,BS32) -> 168.61863 | BZ32: =AVERAGE(C32,D32,E32,H32,K32,L32,N32,O32,P32,R32,S32,T32,U32,W32,Z32,AB32,AD32,AF32,AG32,AI32,AJ32,AK32,AO32,AP32,AR32,AS32,AU32,AV32,AZ32,BA32,BC32,BD32,BE32,BH32,BL32,BM32,BQ32,BR32) -> 165.85643 | CB32: =AVERAGE(I32,X32,AE32,AH32,AQ32,AT32,AW32,BF32,BI32,BO32) -> 158.35106 | CC32: =AVERAGE(AC32,AL32) -> 160.67964 | CD32: =AVERAGE(Q32,AM32,BB32,BN32) -> 186.13605 | CF32: =AVERAGE(F32,AN32) -> 149.33929 | CG32: =AVERAGE(G32,M32,V32,Y32,AX32,BG32,BJ32,BP32,BS32) -> 200.68725 | CH32: =AVERAGE(AA32,AY32,BK32) -> 110.58857 | CJ32: =AVERAGE(C32,L32,O32,R32,AB32,AK32,AZ32,BC32,BL32,BR32) -> 186.1031 | CK32: =AVERAGE(D32,J32,P32,S32,AF32,AI32,AO32,AR32,AU32,BA32,BD32,BM32) -> 165.6766 | CL32: =AVERAGE(E32,H32,K32,N32,T32,W32,Z32,AD32,AG32,AJ32,AP32,AS32,AV32,BE32,BH32,BQ32) -> 155.72882 | CN32: =(BX32-$BV32)/$BV32*100 -> -0.43721822 | CO32: =(BY32-$BV32)/$BV32*100 -> 1.3847714 | CP32: =(BZ32-$BV32)/$BV32*100 -> -0.27604813 | CR32: =(CB32-$BV32)/$BV32*100 -> -4.7887771 | CS32: =(CC32-$BV32)/$BV32*100 -> -3.3886832 | CT32: =(CD32-$BV32)/$BV32*100 -> 11.917411 | CV32: =(CF32-$BV32)/$BV32*100 -> -10.207259 | CW32: =(CG32-$BV32)/$BV32*100 -> 20.666561 | CX32: =(CH32-$BV32)/$BV32*100 -> -33.506774 | CZ32: =(CJ32-$BV32)/$BV32*100 -> 11.897595 | DA32: =(CK32-$BV32)/$BV32*100 -> -0.38417921 | DB32: =(CL32-$BV32)/$BV32*100 -> -6.3654474 | DD32: =BX32 -> 165.58838 | DE32: =BY32 -> 168.61863 | DF32: =BZ32 -> 165.85643 | DH32: =(CB32-$DD32)/$DD32*100 -> -4.3706682 | DI32: =(CC32-$DD32)/$DD32*100 -> -2.9644259 | DJ32: =(CD32-$DD32)/$DD32*100 -> 12.408884 | DL32: =(CF32-$DE32)/$DE32*100 -> -11.4337 | DM32: =(CG32-$DE32)/$DE32*100 -> 19.018428 | DN32: =(CH32-$DE32)/$DE32*100 -> -34.414976 | DP32: =(CJ32-$DF32)/$DF32*100 -> 12.207342 | DQ32: =(CK32-$DF32)/$DF32*100 -> -0.1084304 | DR32: =(CL32-$DF32)/$DF32*100 -> -6.1062555
A33: ='data convert'!A33 -> Oct | B33: ='data convert'!B33 -> 56.05 | C33: ='data convert'!C33 -> 139.35 | D33: ='data convert'!D33 -> 318.74 | E33: ='data convert'!E33 -> 147.5 | F33: ='data convert'!F33 -> 128.46667 | G33: ='data convert'!G33 -> 483.02857 | H33: ='data convert'!H33 -> 181.47273 | ... BS33: ='data convert'!BS33 -> 213.95 | BV33: =AVERAGE(B33:BS33) -> 151.58223 | BX33: =AVERAGE(I33,Q33,X33,AC33,AE33,AH33,AL33,AM33,AQ33,AT33,AW33,BB33,BF33,BI33,BN33,BO33) -> 122.15605 | BY33: =AVERAGE(B33,F33,G33,M33,V33,Y33,AA33,AN33,AX33,AY33,BG33,BJ33,BK33,BP33,BS33) -> 182.07533 | BZ33: =AVERAGE(C33,D33,E33,H33,K33,L33,N33,O33,P33,R33,S33,T33,U33,W33,Z33,AB33,AD33,AF33,AG33,AI33,AJ33,AK33,AO33,AP33,AR33,AS33,AU33,AV33,AZ33,BA33,BC33,BD33,BE33,BH33,BL33,BM33,BQ33,BR33) -> 154.90833 | CB33: =AVERAGE(I33,X33,AE33,AH33,AQ33,AT33,AW33,BF33,BI33,BO33) -> 124.69409 | CC33: =AVERAGE(AC33,AL33) -> 124.31335 | CD33: =AVERAGE(Q33,AM33,BB33,BN33) -> 114.73228 | CF33: =AVERAGE(F33,AN33) -> 139.22976 | CG33: =AVERAGE(G33,M33,V33,Y33,AX33,BG33,BJ33,BP33,BS33) -> 226.79037 | CH33: =AVERAGE(AA33,AY33,BK33) -> 118.50238 | CJ33: =AVERAGE(C33,L33,O33,R33,AB33,AK33,AZ33,BC33,BL33,BR33) -> 138.8969 | CK33: =AVERAGE(D33,J33,P33,S33,AF33,AI33,AO33,AR33,AU33,BA33,BD33,BM33) -> 155.6406 | CL33: =AVERAGE(E33,H33,K33,N33,T33,W33,Z33,AD33,AG33,AJ33,AP33,AS33,AV33,BE33,BH33,BQ33) -> 151.55403 | CN33: =(BX33-$BV33)/$BV33*100 -> -19.412685 | CO33: =(BY33-$BV33)/$BV33*100 -> 20.116545 | CP33: =(BZ33-$BV33)/$BV33*100 -> 2.1942583 | CR33: =(CB33-$BV33)/$BV33*100 -> -17.738317 | CS33: =(CC33-$BV33)/$BV33*100 -> -17.989495 | CT33: =(CD33-$BV33)/$BV33*100 -> -24.310202 | CV33: =(CF33-$BV33)/$BV33*100 -> -8.1490185 | CW33: =(CG33-$BV33)/$BV33*100 -> 49.61541 | CX33: =(CH33-$BV33)/$BV33*100 -> -21.823037 | CZ33: =(CJ33-$BV33)/$BV33*100 -> -8.368607 | DA33: =(CK33-$BV33)/$BV33*100 -> 2.677344 | DB33: =(CL33-$BV33)/$BV33*100 -> -0.018601579 | DD33: =BX33 -> 122.15605 | DE33: =BY33 -> 182.07533 | DF33: =BZ33 -> 154.90833 | DH33: =(CB33-$DD33)/$DD33*100 -> 2.0777073 | DI33: =(CC33-$DD33)/$DD33*100 -> 1.7660226 | DJ33: =(CD33-$DD33)/$DD33*100 -> -6.0772796 | DL33: =(CF33-$DE33)/$DE33*100 -> -23.531782 | DM33: =(CG33-$DE33)/$DE33*100 -> 24.558536 | DN33: =(CH33-$DE33)/$DE33*100 -> -34.915741 | DP33: =(CJ33-$DF33)/$DF33*100 -> -10.336065 | DQ33: =(CK33-$DF33)/$DF33*100 -> 0.47271316 | DR33: =(CL33-$DF33)/$DF33*100 -> -2.1653466
A34: ='data convert'!A34 -> Nov | B34: ='data convert'!B34 -> 9.325 | C34: ='data convert'!C34 -> 0 | D34: ='data convert'!D34 -> 3.04 | E34: ='data convert'!E34 -> 0 | F34: ='data convert'!F34 -> 26.383333 | G34: ='data convert'!G34 -> 79.685714 | H34: ='data convert'!H34 -> 40.836364 | ... BS34: ='data convert'!BS34 -> 80.63 | BV34: =AVERAGE(B34:BS34) -> 50.214588 | BX34: =AVERAGE(I34,Q34,X34,AC34,AE34,AH34,AL34,AM34,AQ34,AT34,AW34,BB34,BF34,BI34,BN34,BO34) -> 61.726295 | BY34: =AVERAGE(B34,F34,G34,M34,V34,Y34,AA34,AN34,AX34,AY34,BG34,BJ34,BK34,BP34,BS34) -> 44.9331 | BZ34: =AVERAGE(C34,D34,E34,H34,K34,L34,N34,O34,P34,R34,S34,T34,U34,W34,Z34,AB34,AD34,AF34,AG34,AI34,AJ34,AK34,AO34,AP34,AR34,AS34,AU34,AV34,AZ34,BA34,BC34,BD34,BE34,BH34,BL34,BM34,BQ34,BR34) -> 48.03596 | CB34: =AVERAGE(I34,X34,AE34,AH34,AQ34,AT34,AW34,BF34,BI34,BO34) -> 42.162189 | CC34: =AVERAGE(AC34,AL34) -> 48.438009 | CD34: =AVERAGE(Q34,AM34,BB34,BN34) -> 117.2807 | CF34: =AVERAGE(F34,AN34) -> 15.230952 | CG34: =AVERAGE(G34,M34,V34,Y34,AX34,BG34,BJ34,BP34,BS34) -> 42.575564 | CH34: =AVERAGE(AA34,AY34,BK34) -> 83.676508 | CJ34: =AVERAGE(C34,L34,O34,R34,AB34,AK34,AZ34,BC34,BL34,BR34) -> 47.399 | CK34: =AVERAGE(D34,J34,P34,S34,AF34,AI34,AO34,AR34,AU34,BA34,BD34,BM34) -> 27.374529 | CL34: =AVERAGE(E34,H34,K34,N34,T34,W34,Z34,AD34,AG34,AJ34,AP34,AS34,AV34,BE34,BH34,BQ34) -> 63.499143 | CN34: =(BX34-$BV34)/$BV34*100 -> 22.925024 | CO34: =(BY34-$BV34)/$BV34*100 -> -10.517836 | CP34: =(BZ34-$BV34)/$BV34*100 -> -4.3386369 | CR34: =(CB34-$BV34)/$BV34*100 -> -16.035976 | CS34: =(CC34-$BV34)/$BV34*100 -> -3.5379745 | CT34: =(CD34-$BV34)/$BV34*100 -> 133.55902 | CV34: =(CF34-$BV34)/$BV34*100 -> -69.668272 | CW34: =(CG34-$BV34)/$BV34*100 -> -15.21276 | CX34: =(CH34-$BV34)/$BV34*100 -> 66.637845 | CZ34: =(CJ34-$BV34)/$BV34*100 -> -5.6071123 | DA34: =(CK34-$BV34)/$BV34*100 -> -45.484909 | DB34: =(CL34-$BV34)/$BV34*100 -> 26.455569 | DD34: =BX34 -> 61.726295 | DE34: =BY34 -> 44.9331 | DF34: =BZ34 -> 48.03596 | DH34: =(CB34-$DD34)/$DD34*100 -> -31.69493 | DI34: =(CC34-$DD34)/$DD34*100 -> -21.527755 | DJ34: =(CD34-$DD34)/$DD34*100 -> 90.001202 | DL34: =(CF34-$DE34)/$DE34*100 -> -66.103046 | DM34: =(CG34-$DE34)/$DE34*100 -> -5.24677 | DN34: =(CH34-$DE34)/$DE34*100 -> 86.224649 | DP34: =(CJ34-$DF34)/$DF34*100 -> -1.3260061 | DQ34: =(CK34-$DF34)/$DF34*100 -> -43.012425 | DR34: =(CL34-$DF34)/$DF34*100 -> 32.19085
A35: ='data convert'!A35 -> Dec | B35: ='data convert'!B35 -> 0 | C35: ='data convert'!C35 -> 51.325 | D35: ='data convert'!D35 -> 0 | E35: ='data convert'!E35 -> 14.66 | F35: ='data convert'!F35 -> 11.083333 | G35: ='data convert'!G35 -> 6.8 | H35: ='data convert'!H35 -> 0 | ... BS35: ='data convert'!BS35 -> 19.51 | BV35: =AVERAGE(B35:BS35) -> 14.359859 | BX35: =AVERAGE(I35,Q35,X35,AC35,AE35,AH35,AL35,AM35,AQ35,AT35,AW35,BB35,BF35,BI35,BN35,BO35) -> 15.484981 | BY35: =AVERAGE(B35,F35,G35,M35,V35,Y35,AA35,AN35,AX35,AY35,BG35,BJ35,BK35,BP35,BS35) -> 12.931925 | BZ35: =AVERAGE(C35,D35,E35,H35,K35,L35,N35,O35,P35,R35,S35,T35,U35,W35,Z35,AB35,AD35,AF35,AG35,AI35,AJ35,AK35,AO35,AP35,AR35,AS35,AU35,AV35,AZ35,BA35,BC35,BD35,BE35,BH35,BL35,BM35,BQ35,BR35) -> 14.677672 | CB35: =AVERAGE(I35,X35,AE35,AH35,AQ35,AT35,AW35,BF35,BI35,BO35) -> 17.667415 | CC35: =AVERAGE(AC35,AL35) -> 18.414706 | CD35: =AVERAGE(Q35,AM35,BB35,BN35) -> 8.5640351 | CF35: =AVERAGE(F35,AN35) -> 5.677381 | CG35: =AVERAGE(G35,M35,V35,Y35,AX35,BG35,BJ35,BP35,BS35) -> 17.210192 | CH35: =AVERAGE(AA35,AY35,BK35) -> 9.244127 | CJ35: =AVERAGE(C35,L35,O35,R35,AB35,AK35,AZ35,BC35,BL35,BR35) -> 10.409778 | CK35: =AVERAGE(D35,J35,P35,S35,AF35,AI35,AO35,AR35,AU35,BA35,BD35,BM35) -> 13.139632 | CL35: =AVERAGE(E35,H35,K35,N35,T35,W35,Z35,AD35,AG35,AJ35,AP35,AS35,AV35,BE35,BH35,BQ35) -> 18.845512 | CN35: =(BX35-$BV35)/$BV35*100 -> 7.8351912 | CO35: =(BY35-$BV35)/$BV35*100 -> -9.9439279 | CP35: =(BZ35-$BV35)/$BV35*100 -> 2.2132073 | CR35: =(CB35-$BV35)/$BV35*100 -> 23.033346 | CS35: =(CC35-$BV35)/$BV35*100 -> 28.237373 | CT35: =(CD35-$BV35)/$BV35*100 -> -40.361287 | CV35: =(CF35-$BV35)/$BV35*100 -> -60.463533 | CW35: =(CG35-$BV35)/$BV35*100 -> 19.849313 | CX35: =(CH35-$BV35)/$BV35*100 -> -35.625224 | CZ35: =(CJ35-$BV35)/$BV35*100 -> -27.507799 | DA35: =(CK35-$BV35)/$BV35*100 -> -8.4974873 | DB35: =(CL35-$BV35)/$BV35*100 -> 31.237445 | DD35: =BX35 -> 15.484981 | DE35: =BY35 -> 12.931925 | DF35: =BZ35 -> 14.677672 | DH35: =(CB35-$DD35)/$DD35*100 -> 14.093873 | DI35: =(CC35-$DD35)/$DD35*100 -> 18.919781 | DJ35: =(CD35-$DD35)/$DD35*100 -> -44.694573 | DL35: =(CF35-$DE35)/$DE35*100 -> -56.097944 | DM35: =(CG35-$DE35)/$DE35*100 -> 33.08299 | DN35: =(CH35-$DE35)/$DE35*100 -> -28.517007 | DP35: =(CJ35-$DF35)/$DF35*100 -> -29.077462 | DQ35: =(CK35-$DF35)/$DF35*100 -> -10.478778 | DR35: =(CL35-$DF35)/$DF35*100 -> 28.39578
A36: ='data convert'!A36 -> Annual | B36: =SUM(B24:B35) -> 437.275 | C36: =SUM(C24:C35) -> 609.825 | D36: =SUM(D24:D35) -> 823.02 | E36: =SUM(E24:E35) -> 659.24 | F36: =SUM(F24:F35) -> 671.66667 | G36: =SUM(G24:G35) -> 1012.8143 | H36: =SUM(H24:H35) -> 657.27273 | I36: =SUM(I24:I35) -> 856.99091 | ... BS36: =SUM(BS24:BS35) -> 1056.63 | BV36: =SUM(BV24:BV35) -> 801.26572 | BX36: =SUM(BX24:BX35) -> 817.74202 | BY36: =SUM(BY24:BY35) -> 855.40737 | BZ36: =SUM(BZ24:BZ35) -> 776.55803 | CB36: =SUM(CB24:CB35) -> 829.13589 | CC36: =SUM(CC24:CC35) -> 689.12127 | CD36: =SUM(CD24:CD35) -> 853.56772 | CF36: =SUM(CF24:CF35) -> 669.55119 | CG36: =SUM(CG24:CG35) -> 983.59003 | CH36: =SUM(CH24:CH35) -> 734.14095 | CJ36: =SUM(CJ24:CJ35) -> 799.09747 | CK36: =SUM(CK24:CK35) -> 732.22201 | CL36: =SUM(CL24:CL35) -> 784.73721 | CN36: =(BX36-$BV36)/$BV36*100 -> 2.0562839 | CO36: =(BY36-$BV36)/$BV36*100 -> 6.7570156 | CP36: =(BZ36-$BV36)/$BV36*100 -> -3.0835828 | CR36: =(CB36-$BV36)/$BV36*100 -> 3.4782679 | CS36: =(CC36-$BV36)/$BV36*100 -> -13.995913 | CT36: =(CD36-$BV36)/$BV36*100 -> 6.5274225 | CV36: =(CF36-$BV36)/$BV36*100 -> -16.438308 | CW36: =(CG36-$BV36)/$BV36*100 -> 22.754538 | CX36: =(CH36-$BV36)/$BV36*100 -> -8.3773418 | CZ36: =(CJ36-$BV36)/$BV36*100 -> -0.27060336 | DA36: =(CK36-$BV36)/$BV36*100 -> -8.6168306 | DB36: =(CL36-$BV36)/$BV36*100 -> -2.0627996 | DD36: =BX36 -> 817.74202 | DE36: =BY36 -> 855.40737 | DF36: =BZ36 -> 776.55803 | DH36: =(CB36-$DD36)/$DD36*100 -> 1.3933331 | DI36: =(CC36-$DD36)/$DD36*100 -> -15.728769 | DJ36: =(CD36-$DD36)/$DD36*100 -> 4.3810517 | DL36: =(CF36-$DE36)/$DE36*100 -> -21.727213 | DM36: =(CG36-$DE36)/$DE36*100 -> 14.984985 | DN36: =(CH36-$DE36)/$DE36*100 -> -14.176452 | DP36: =(CJ36-$DF36)/$DF36*100 -> 2.9024798 | DQ36: =(CK36-$DF36)/$DF36*100 -> -5.7092987 | DR36: =(CL36-$DF36)/$DF36*100 -> 1.0532614
A37: ='data convert'!A37 -> winter | B37: =SUM(B24:B25) -> 0 | C37: =SUM(C24:C25) -> 2.7 | D37: =SUM(D24:D25) -> 0.9 | E37: =SUM(E24:E25) -> 3.28 | F37: =SUM(F24:F25) -> 5.45 | G37: =SUM(G24:G25) -> 1.2857143 | H37: =SUM(H24:H25) -> 0.75454545 | I37: =SUM(I24:I25) -> 5.8636364 | ... BS37: =SUM(BS24:BS25) -> 0.03 | BV37: =SUM(BV24:BV25) -> 6.2348823 | BX37: =SUM(BX24:BX25) -> 3.1193526 | BY37: =SUM(BY24:BY25) -> 6.1970885 | BZ37: =SUM(BZ24:BZ25) -> 7.1671261 | CB37: =SUM(CB24:CB25) -> 2.8652386 | CC37: =SUM(CC24:CC25) -> 5.3352941 | CD37: =SUM(CD24:CD25) -> 2.6466667 | CF37: =SUM(CF24:CF25) -> 2.725 | CG37: =SUM(CG24:CG25) -> 4.170756 | CH37: =SUM(CH24:CH25) -> 16.656508 | CJ37: =SUM(CJ24:CJ25) -> 11.543786 | CK37: =SUM(CK24:CK25) -> 4.7666919 | CL37: =SUM(CL24:CL25) -> 6.0997477 | CN37: =(BX37-$BV37)/$BV37*100 -> -49.969343 | CO37: =(BY37-$BV37)/$BV37*100 -> -0.60616639 | CP37: =(BZ37-$BV37)/$BV37*100 -> 14.952067 | CR37: =(CB37-$BV37)/$BV37*100 -> -54.045024 | CS37: =(CC37-$BV37)/$BV37*100 -> -14.42831 | CT37: =(CD37-$BV37)/$BV37*100 -> -57.550655 | CV37: =(CF37-$BV37)/$BV37*100 -> -56.294283 | CW37: =(CG37-$BV37)/$BV37*100 -> -33.106099 | CX37: =(CH37-$BV37)/$BV37*100 -> 167.15032 | CZ37: =(CJ37-$BV37)/$BV37*100 -> 85.148415 | DA37: =(CK37-$BV37)/$BV37*100 -> -23.548005 | DB37: =(CL37-$BV37)/$BV37*100 -> -2.1673952 | DD37: =BX37 -> 3.1193526 | DE37: =BY37 -> 6.1970885 | DF37: =BZ37 -> 7.1671261 | DH37: =(CB37-$DD37)/$DD37*100 -> -8.1463681 | DI37: =(CC37-$DD37)/$DD37*100 -> 71.038508 | DJ37: =(CD37-$DD37)/$DD37*100 -> -15.153334 | DL37: =(CF37-$DE37)/$DE37*100 -> -56.027738 | DM37: =(CG37-$DE37)/$DE37*100 -> -32.698137 | DN37: =(CH37-$DE37)/$DE37*100 -> 168.77957 | DP37: =(CJ37-$DF37)/$DF37*100 -> 61.065755 | DQ37: =(CK37-$DF37)/$DF37*100 -> -33.492283 | DR37: =(CL37-$DF37)/$DF37*100 -> -14.892696
A38: ='data convert'!A38 -> summer | B38: =SUM(B26:B28) -> 123.2125 | C38: =SUM(C26:C28) -> 64.925 | D38: =SUM(D26:D28) -> 137.14 | E38: =SUM(E26:E28) -> 163.98 | F38: =SUM(F26:F28) -> 170.78333 | G38: =SUM(G26:G28) -> 37.8 | H38: =SUM(H26:H28) -> 253.1 | I38: =SUM(I26:I28) -> 210.61818 | ... BS38: =SUM(BS26:BS28) -> 206.28 | BV38: =SUM(BV26:BV28) -> 149.22061 | BX38: =SUM(BX26:BX28) -> 149.07788 | BY38: =SUM(BY26:BY28) -> 171.3822 | BZ38: =SUM(BZ26:BZ28) -> 141.60431 | CB38: =SUM(CB26:CB28) -> 149.71828 | CC38: =SUM(CC26:CC28) -> 118.80271 | CD38: =SUM(CD26:CD28) -> 162.61447 | CF38: =SUM(CF26:CF28) -> 131.75238 | CG38: =SUM(CG26:CG28) -> 199.49959 | CH38: =SUM(CH26:CH28) -> 129.50651 | CJ38: =SUM(CJ26:CJ28) -> 145.16846 | CK38: =SUM(CK26:CK28) -> 122.75484 | CL38: =SUM(CL26:CL28) -> 147.51641 | CN38: =(BX38-$BV38)/$BV38*100 -> -0.095650998 | CO38: =(BY38-$BV38)/$BV38*100 -> 14.851564 | CP38: =(BZ38-$BV38)/$BV38*100 -> -5.1040572 | CR38: =(CB38-$BV38)/$BV38*100 -> 0.33350915 | CS38: =(CC38-$BV38)/$BV38*100 -> -20.384514 | CT38: =(CD38-$BV38)/$BV38*100 -> 8.97588 | CV38: =(CF38-$BV38)/$BV38*100 -> -11.706312 | CW38: =(CG38-$BV38)/$BV38*100 -> 33.694391 | CX38: =(CH38-$BV38)/$BV38*100 -> -13.211381 | CZ38: =(CJ38-$BV38)/$BV38*100 -> -2.7155434 | DA38: =(CK38-$BV38)/$BV38*100 -> -17.735999 | DB38: =(CL38-$BV38)/$BV38*100 -> -1.1420689 | DD38: =BX38 -> 149.07788 | DE38: =BY38 -> 171.3822 | DF38: =BZ38 -> 141.60431 | DH38: =(CB38-$DD38)/$DD38*100 -> 0.42957103 | DI38: =(CC38-$DD38)/$DD38*100 -> -20.308288 | DJ38: =(CD38-$DD38)/$DD38*100 -> 9.0802163 | DL38: =(CF38-$DE38)/$DE38*100 -> -23.123651 | DM38: =(CG38-$DE38)/$DE38*100 -> 16.406244 | DN38: =(CH38-$DE38)/$DE38*100 -> -24.434098 | DP38: =(CJ38-$DF38)/$DF38*100 -> 2.516982 | DQ38: =(CK38-$DF38)/$DF38*100 -> -13.311361 | DR38: =(CL38-$DF38)/$DF38*100 -> 4.1750871
A39: ='data convert'!A39 -> SWMS | B39: =SUM(B29:B32) -> 248.6875 | C39: =SUM(C29:C32) -> 351.525 | D39: =SUM(D29:D32) -> 363.2 | E39: =SUM(E29:E32) -> 329.82 | F39: =SUM(F29:F32) -> 329.5 | G39: =SUM(G29:G32) -> 404.21429 | H39: =SUM(H29:H32) -> 181.10909 | I39: =SUM(I29:I32) -> 495.97273 | ... BS39: =SUM(BS29:BS32) -> 536.23 | BV39: =SUM(BV29:BV32) -> 429.65355 | BX39: =SUM(BX29:BX32) -> 466.17747 | BY39: =SUM(BY29:BY32) -> 437.88772 | BZ39: =SUM(BZ29:BZ32) -> 410.16463 | CB39: =SUM(CB29:CB32) -> 492.02868 | CC39: =SUM(CC29:CC32) -> 373.81719 | CD39: =SUM(CD29:CD32) -> 447.72956 | CF39: =SUM(CF29:CF32) -> 374.93571 | CG39: =SUM(CG29:CG32) -> 493.34357 | CH39: =SUM(CH29:CH32) -> 376.55492 | CJ39: =SUM(CJ29:CJ32) -> 445.67954 | CK39: =SUM(CK29:CK32) -> 408.54571 | CL39: =SUM(CL29:CL32) -> 397.22237 | CN39: =(BX39-$BV39)/$BV39*100 -> 8.5007817 | CO39: =(BY39-$BV39)/$BV39*100 -> 1.9164663 | CP39: =(BZ39-$BV39)/$BV39*100 -> -4.5359618 | CR39: =(CB39-$BV39)/$BV39*100 -> 14.51754 | CS39: =(CC39-$BV39)/$BV39*100 -> -12.99567 | CT39: =(CD39-$BV39)/$BV39*100 -> 4.2071122 | CV39: =(CF39-$BV39)/$BV39*100 -> -12.73534 | CW39: =(CG39-$BV39)/$BV39*100 -> 14.823574 | CX39: =(CH39-$BV39)/$BV39*100 -> -12.358477 | CZ39: =(CJ39-$BV39)/$BV39*100 -> 3.7299785 | DA39: =(CK39-$BV39)/$BV39*100 -> -4.9127591 | DB39: =(CL39-$BV39)/$BV39*100 -> -7.5482165 | DD39: =BX39 -> 466.17747 | DE39: =BY39 -> 437.88772 | DF39: =BZ39 -> 410.16463 | DH39: =(CB39-$DD39)/$DD39*100 -> 5.5453593 | DI39: =(CC39-$DD39)/$DD39*100 -> -19.812256 | DJ39: =(CD39-$DD39)/$DD39*100 -> -3.9572706 | DL39: =(CF39-$DE39)/$DE39*100 -> -14.376289 | DM39: =(CG39-$DE39)/$DE39*100 -> 12.664399 | DN39: =(CH39-$DE39)/$DE39*100 -> -14.006513 | DP39: =(CJ39-$DF39)/$DF39*100 -> 8.6586954 | DQ39: =(CK39-$DF39)/$DF39*100 -> -0.39470075 | DR39: =(CL39-$DF39)/$DF39*100 -> -3.1553817
A40: ='data convert'!A40 -> NEMS | B40: =SUM(B33:B35) -> 65.375 | C40: =SUM(C33:C35) -> 190.675 | D40: =SUM(D33:D35) -> 321.78 | E40: =SUM(E33:E35) -> 162.16 | F40: =SUM(F33:F35) -> 165.93333 | G40: =SUM(G33:G35) -> 569.51429 | H40: =SUM(H33:H35) -> 222.30909 | I40: =SUM(I33:I35) -> 144.53636 | ... BS40: =SUM(BS33:BS35) -> 314.09 | BV40: =SUM(BV33:BV35) -> 216.15667 | BX40: =SUM(BX33:BX35) -> 199.36732 | BY40: =SUM(BY33:BY35) -> 239.94036 | BZ40: =SUM(BZ33:BZ35) -> 217.62196 | CB40: =SUM(CB33:CB35) -> 184.52369 | CC40: =SUM(CC33:CC35) -> 191.16606 | CD40: =SUM(CD33:CD35) -> 240.57702 | CF40: =SUM(CF33:CF35) -> 160.1381 | CG40: =SUM(CG33:CG35) -> 286.57612 | CH40: =SUM(CH33:CH35) -> 211.42302 | CJ40: =SUM(CJ33:CJ35) -> 196.70568 | CK40: =SUM(CK33:CK35) -> 196.15476 | CL40: =SUM(CL33:CL35) -> 233.89868 | CN40: =(BX40-$BV40)/$BV40*100 -> -7.7672141 | CO40: =(BY40-$BV40)/$BV40*100 -> 11.002984 | CP40: =(BZ40-$BV40)/$BV40*100 -> 0.67788347 | CR40: =(CB40-$BV40)/$BV40*100 -> -14.634283 | CS40: =(CC40-$BV40)/$BV40*100 -> -11.561341 | CT40: =(CD40-$BV40)/$BV40*100 -> 11.297521 | CV40: =(CF40-$BV40)/$BV40*100 -> -25.915729 | CW40: =(CG40-$BV40)/$BV40*100 -> 32.577968 | CX40: =(CH40-$BV40)/$BV40*100 -> -2.1899194 | CZ40: =(CJ40-$BV40)/$BV40*100 -> -8.9985611 | DA40: =(CK40-$BV40)/$BV40*100 -> -9.2534314 | DB40: =(CL40-$BV40)/$BV40*100 -> 8.2079406 | DD40: =BX40 -> 199.36732 | DE40: =BY40 -> 239.94036 | DF40: =BZ40 -> 217.62196 | DH40: =(CB40-$DD40)/$DD40*100 -> -7.4453661 | DI40: =(CC40-$DD40)/$DD40*100 -> -4.1136419 | DJ40: =(CD40-$DD40)/$DD40*100 -> 20.670236 | DL40: =(CF40-$DE40)/$DE40*100 -> -33.259208 | DM40: =(CG40-$DE40)/$DE40*100 -> 19.4364 | DN40: =(CH40-$DE40)/$DE40*100 -> -11.885179 | DP40: =(CJ40-$DF40)/$DF40*100 -> -9.6112912 | DQ40: =(CK40-$DF40)/$DF40*100 -> -9.8644454 | DR40: =(CL40-$DF40)/$DF40*100 -> 7.4793558
A42: ='data convert'!A42 -> Kolar | BX42: Normal RF of events | CB42: El Niño | CF42: La Niña | CJ42: Neutral | CR42: El Niño | CV42: La Niña | CZ42: Neutral | DE42: Normal copyed | DH42: El Niño | DL42: La Niña | DP42: Neutral
A43: ='data convert'!A43 -> Year | B43: 1951 | C43: 1952 | D43: 1953 | E43: 1954 | F43: 1955 | G43: 1956 | H43: 1957 | I43: 1958 | J43: 1959 | K43: 1960 | L43: 1961 | M43: 1962 | N43: 1963 | O43: 1964 | P43: 1965 | Q43: 1966 | R43: 1967 | S43: 1968 | T43: 1969 | U43: 1970 | V43: 1971 | W43: 1972 | X43: 1973 | Y43: 1974 | Z43: 1975 | AA43: 1976 | AB43: 1977 | AC43: 1978 | AD43: 1979 | AE43: 1980 | AF43: 1981 | AG43: 1982 | AH43: 1983 | AI43: 1984 | AJ43: 1985 | AK43: 1986 | AL43: 1987 | AM43: 1988 | AN43: 1989 | AO43: 1990 | AP43: 1991 | AQ43: 1992 | AR43: 1993 | AS43: 1994 | AT43: 1995 | AU43: 1996 | AV43: 1997 | AW43: 1998 | AX43: 1999 | AY43: 2000 | AZ43: 2001 | BA43: 2002 | BB43: 2003 | BC43: 2004 | BD43: 2005 | BE43: 2006 | BF43: 2007 | BG43: 2008 | BH43: 2009 | BI43: 2010 | BJ43: 2011 | BK43: 2012 | BL43: 2013 | BM43: 2014 | BN43: 2015 | BO43: 2016 | BP43: 2017 | BQ43: 2018 | BR43: 2019 | BS43: 2020 | BV43: Normal | BX43: El Niño | BY43: La Niña | BZ43: Neutral | CB43: el PIOD | CC43: el NIOD | CD43: el NUIOD | CF43: la PIOD | CG43: la NIOD | CH43: la NUIOD | CJ43: Nu PIOD | CK43: Nu NIOD | CL43: Nu NUIOD | CN43: El Niño | CO43: La Niña | CP43: Neutral | CR43: el PIOD | CS43: el NIOD | CT43: el NUIOD | CV43: la PIOD | CW43: la NIOD | CX43: la NUIOD | CZ43: Nu PIOD | DA43: Nu NIOD | DB43: Nu NUIOD | DD43: El Niño | DE43: La Niña | DF43: Neutral | DH43: el PIOD | DI43: el NIOD | DJ43: el NUIOD | DL43: la PIOD | DM43: la NIOD | DN43: la NUIOD | DP43: Nu PIOD | DQ43: Nu NIOD | DR43: Nu NUIOD
A44: ='data convert'!A44 -> Jan | B44: ='data convert'!B44 -> 0 | C44: ='data convert'!C44 -> 3.5172043 | D44: ='data convert'!D44 -> 0 | E44: ='data convert'!E44 -> 8.4645161 | F44: ='data convert'!F44 -> 4.6888889 | G44: ='data convert'!G44 -> 0 | H44: ='data convert'!H44 -> 0 | ... BS44: ='data convert'!BS44 -> 1.45 | BV44: =AVERAGE(B44:BS44) -> 2.0707609 | BX44: =AVERAGE(I44,Q44,X44,AC44,AE44,AH44,AL44,AM44,AQ44,AT44,AW44,BB44,BF44,BI44,BN44,BO44) -> 1.7507265 | BY44: =AVERAGE(B44,F44,G44,M44,V44,Y44,AA44,AN44,AX44,AY44,BG44,BJ44,BK44,BP44,BS44) -> 1.7709414 | BZ44: =AVERAGE(C44,D44,E44,H44,K44,L44,N44,O44,P44,R44,S44,T44,U44,W44,Z44,AB44,AD44,AF44,AG44,AI44,AJ44,AK44,AO44,AP44,AR44,AS44,AU44,AV44,AZ44,BA44,BC44,BD44,BE44,BH44,BL44,BM44,BQ44,BR44) -> 2.2827417 | CB44: =AVERAGE(I44,X44,AE44,AH44,AQ44,AT44,AW44,BF44,BI44,BO44) -> 2.0426165 | CC44: =AVERAGE(AC44,AL44) -> 0.073106061 | CD44: =AVERAGE(Q44,AM44,BB44,BN44) -> 1.8598118 | CF44: =AVERAGE(F44,AN44) -> 2.3444444 | CG44: =AVERAGE(G44,M44,V44,Y44,AX44,BG44,BJ44,BP44,BS44) -> 2.2880335 | CH44: =AVERAGE(AA44,AY44,BK44) -> 0.42764343 | CJ44: =AVERAGE(C44,L44,O44,R44,AB44,AK44,AZ44,BC44,BL44,BR44) -> 4.6984302 | CK44: =AVERAGE(D44,J44,P44,S44,AF44,AI44,AO44,AR44,AU44,BA44,BD44,BM44) -> 1.0119731 | CL44: =AVERAGE(E44,H44,K44,N44,T44,W44,Z44,AD44,AG44,AJ44,AP44,AS44,AV44,BE44,BH44,BQ44) -> 1.799687 | CN44: =(BX44-$BV44)/$BV44*100 -> -15.454917 | CO44: =(BY44-$BV44)/$BV44*100 -> -14.478711 | CP44: =(BZ44-$BV44)/$BV44*100 -> 10.236855 | CR44: =(CB44-$BV44)/$BV44*100 -> -1.3591333 | CS44: =(CC44-$BV44)/$BV44*100 -> -96.469604 | CT44: =(CD44-$BV44)/$BV44*100 -> -10.187032 | CV44: =(CF44-$BV44)/$BV44*100 -> 13.216571 | CW44: =(CG44-$BV44)/$BV44*100 -> 10.492406 | CX44: =(CH44-$BV44)/$BV44*100 -> -79.348488 | CZ44: =(CJ44-$BV44)/$BV44*100 -> 126.8939 | DA44: =(CK44-$BV44)/$BV44*100 -> -51.130373 | DB44: =(CL44-$BV44)/$BV44*100 -> -13.090546 | DD44: =BX44 -> 1.7507265 | DE44: =BY44 -> 1.7709414 | DF44: =BZ44 -> 2.2827417 | DH44: =(CB44-$DD44)/$DD44*100 -> 16.672505 | DI44: =(CC44-$DD44)/$DD44*100 -> -95.824244 | DJ44: =(CD44-$DD44)/$DD44*100 -> 6.2308588 | DL44: =(CF44-$DE44)/$DE44*100 -> 32.384079 | DM44: =(CG44-$DE44)/$DE44*100 -> 29.198715 | DN44: =(CH44-$DE44)/$DE44*100 -> -75.852197 | DP44: =(CJ44-$DF44)/$DF44*100 -> 105.824 | DQ44: =(CK44-$DF44)/$DF44*100 -> -55.668522 | DR44: =(CL44-$DF44)/$DF44*100 -> -21.161163
A45: ='data convert'!A45 -> Feb | B45: ='data convert'!B45 -> 0 | C45: ='data convert'!C45 -> 3.2569892 | D45: ='data convert'!D45 -> 0 | E45: ='data convert'!E45 -> 0 | F45: ='data convert'!F45 -> 0 | G45: ='data convert'!G45 -> 0 | H45: ='data convert'!H45 -> 0 | ... BS45: ='data convert'!BS45 -> 0 | BV45: =AVERAGE(B45:BS45) -> 4.0927496 | BX45: =AVERAGE(I45,Q45,X45,AC45,AE45,AH45,AL45,AM45,AQ45,AT45,AW45,BB45,BF45,BI45,BN45,BO45) -> 2.7946507 | BY45: =AVERAGE(B45,F45,G45,M45,V45,Y45,AA45,AN45,AX45,AY45,BG45,BJ45,BK45,BP45,BS45) -> 5.6606075 | BZ45: =AVERAGE(C45,D45,E45,H45,K45,L45,N45,O45,P45,R45,S45,T45,U45,W45,Z45,AB45,AD45,AF45,AG45,AI45,AJ45,AK45,AO45,AP45,AR45,AS45,AU45,AV45,AZ45,BA45,BC45,BD45,BE45,BH45,BL45,BM45,BQ45,BR45) -> 3.583101 | CB45: =AVERAGE(I45,X45,AE45,AH45,AQ45,AT45,AW45,BF45,BI45,BO45) -> 0.97228545 | CC45: =AVERAGE(AC45,AL45) -> 2.7840909 | CD45: =AVERAGE(Q45,AM45,BB45,BN45) -> 7.3558436 | CF45: =AVERAGE(F45,AN45) -> 0 | CG45: =AVERAGE(G45,M45,V45,Y45,AX45,BG45,BJ45,BP45,BS45) -> 5.5953144 | CH45: =AVERAGE(AA45,AY45,BK45) -> 11.517094 | CJ45: =AVERAGE(C45,L45,O45,R45,AB45,AK45,AZ45,BC45,BL45,BR45) -> 5.4716416 | CK45: =AVERAGE(D45,J45,P45,S45,AF45,AI45,AO45,AR45,AU45,BA45,BD45,BM45) -> 4.3118684 | CL45: =AVERAGE(E45,H45,K45,N45,T45,W45,Z45,AD45,AG45,AJ45,AP45,AS45,AV45,BE45,BH45,BQ45) -> 2.7110488 | CN45: =(BX45-$BV45)/$BV45*100 -> -31.717038 | CO45: =(BY45-$BV45)/$BV45*100 -> 38.308179 | CP45: =(BZ45-$BV45)/$BV45*100 -> -12.452474 | CR45: =(CB45-$BV45)/$BV45*100 -> -76.24371 | CS45: =(CC45-$BV45)/$BV45*100 -> -31.975049 | CT45: =(CD45-$BV45)/$BV45*100 -> 79.72865 | CV45: =(CF45-$BV45)/$BV45*100 -> -100 | CW45: =(CG45-$BV45)/$BV45*100 -> 36.712845 | CX45: =(CH45-$BV45)/$BV45*100 -> 181.40236 | CZ45: =(CJ45-$BV45)/$BV45*100 -> 33.691089 | DA45: =(CK45-$BV45)/$BV45*100 -> 5.3538284 | DB45: =(CL45-$BV45)/$BV45*100 -> -33.75972 | DD45: =BX45 -> 2.7946507 | DE45: =BY45 -> 5.6606075 | DF45: =BZ45 -> 3.583101 | DH45: =(CB45-$DD45)/$DD45*100 -> -65.209052 | DI45: =(CC45-$DD45)/$DD45*100 -> -0.37785658 | DJ45: =(CD45-$DD45)/$DD45*100 -> 163.21156 | DL45: =(CF45-$DE45)/$DE45*100 -> -100 | DM45: =(CG45-$DE45)/$DE45*100 -> -1.1534632 | DN45: =(CH45-$DE45)/$DE45*100 -> 103.46039 | DP45: =(CJ45-$DF45)/$DF45*100 -> 52.706873 | DQ45: =(CK45-$DF45)/$DF45*100 -> 20.339013 | DR45: =(CL45-$DF45)/$DF45*100 -> -24.337919
A46: ='data convert'!A46 -> Mar | B46: ='data convert'!B46 -> 18.145161 | C46: ='data convert'!C46 -> 7.9731183 | D46: ='data convert'!D46 -> 0 | E46: ='data convert'!E46 -> 4.5096774 | F46: ='data convert'!F46 -> 0.96666667 | G46: ='data convert'!G46 -> 0 | H46: ='data convert'!H46 -> 7.0548387 | ... BS46: ='data convert'!BS46 -> 11.6 | BV46: =AVERAGE(B46:BS46) -> 10.275116 | BX46: =AVERAGE(I46,Q46,X46,AC46,AE46,AH46,AL46,AM46,AQ46,AT46,AW46,BB46,BF46,BI46,BN46,BO46) -> 8.6245375 | BY46: =AVERAGE(B46,F46,G46,M46,V46,Y46,AA46,AN46,AX46,AY46,BG46,BJ46,BK46,BP46,BS46) -> 12.987127 | BZ46: =AVERAGE(C46,D46,E46,H46,K46,L46,N46,O46,P46,R46,S46,T46,U46,W46,Z46,AB46,AD46,AF46,AG46,AI46,AJ46,AK46,AO46,AP46,AR46,AS46,AU46,AV46,AZ46,BA46,BC46,BD46,BE46,BH46,BL46,BM46,BQ46,BR46) -> 10.143941 | CB46: =AVERAGE(I46,X46,AE46,AH46,AQ46,AT46,AW46,BF46,BI46,BO46) -> 3.3563948 | CC46: =AVERAGE(AC46,AL46) -> 4.2428977 | CD46: =AVERAGE(Q46,AM46,BB46,BN46) -> 23.985714 | CF46: =AVERAGE(F46,AN46) -> 4.4424242 | CG46: =AVERAGE(G46,M46,V46,Y46,AX46,BG46,BJ46,BP46,BS46) -> 17.817268 | CH46: =AVERAGE(AA46,AY46,BK46) -> 2.4738277 | CJ46: =AVERAGE(C46,L46,O46,R46,AB46,AK46,AZ46,BC46,BL46,BR46) -> 7.5835174 | CK46: =AVERAGE(D46,J46,P46,S46,AF46,AI46,AO46,AR46,AU46,BA46,BD46,BM46) -> 12.410952 | CL46: =AVERAGE(E46,H46,K46,N46,T46,W46,Z46,AD46,AG46,AJ46,AP46,AS46,AV46,BE46,BH46,BQ46) -> 9.9727978 | CN46: =(BX46-$BV46)/$BV46*100 -> -16.063844 | CO46: =(BY46-$BV46)/$BV46*100 -> 26.393965 | CP46: =(BZ46-$BV46)/$BV46*100 -> -1.2766336 | CR46: =(CB46-$BV46)/$BV46*100 -> -67.334726 | CS46: =(CC46-$BV46)/$BV46*100 -> -58.707058 | CT46: =(CD46-$BV46)/$BV46*100 -> 133.43497 | CV46: =(CF46-$BV46)/$BV46*100 -> -56.765217 | CW46: =(CG46-$BV46)/$BV46*100 -> 73.402103 | CX46: =(CH46-$BV46)/$BV46*100 -> -75.924091 | CZ46: =(CJ46-$BV46)/$BV46*100 -> -26.195312 | DA46: =(CK46-$BV46)/$BV46*100 -> 20.786485 | DB46: =(CL46-$BV46)/$BV46*100 -> -2.9422383 | DD46: =BX46 -> 8.6245375 | DE46: =BY46 -> 12.987127 | DF46: =BZ46 -> 10.143941 | DH46: =(CB46-$DD46)/$DD46*100 -> -61.083191 | DI46: =(CC46-$DD46)/$DD46*100 -> -50.804345 | DJ46: =(CD46-$DD46)/$DD46*100 -> 178.11015 | DL46: =(CF46-$DE46)/$DE46*100 -> -65.793633 | DM46: =(CG46-$DE46)/$DE46*100 -> 37.191759 | DN46: =(CH46-$DE46)/$DE46*100 -> -80.951694 | DP46: =(CJ46-$DF46)/$DF46*100 -> -25.240913 | DQ46: =(CK46-$DF46)/$DF46*100 -> 22.348426 | DR46: =(CL46-$DF46)/$DF46*100 -> -1.6871433
A47: ='data convert'!A47 -> Apr | B47: ='data convert'!B47 -> 42.480645 | C47: ='data convert'!C47 -> 27.65914 | D47: ='data convert'!D47 -> 66.558824 | E47: ='data convert'!E47 -> 11.609677 | F47: ='data convert'!F47 -> 30.385185 | G47: ='data convert'!G47 -> 26.435294 | H47: ='data convert'!H47 -> 16.006452 | ... BS47: ='data convert'!BS47 -> 73.4 | BV47: =AVERAGE(B47:BS47) -> 26.848695 | BX47: =AVERAGE(I47,Q47,X47,AC47,AE47,AH47,AL47,AM47,AQ47,AT47,AW47,BB47,BF47,BI47,BN47,BO47) -> 26.688855 | BY47: =AVERAGE(B47,F47,G47,M47,V47,Y47,AA47,AN47,AX47,AY47,BG47,BJ47,BK47,BP47,BS47) -> 36.936611 | BZ47: =AVERAGE(C47,D47,E47,H47,K47,L47,N47,O47,P47,R47,S47,T47,U47,W47,Z47,AB47,AD47,AF47,AG47,AI47,AJ47,AK47,AO47,AP47,AR47,AS47,AU47,AV47,AZ47,BA47,BC47,BD47,BE47,BH47,BL47,BM47,BQ47,BR47) -> 23.300996 | CB47: =AVERAGE(I47,X47,AE47,AH47,AQ47,AT47,AW47,BF47,BI47,BO47) -> 20.518882 | CC47: =AVERAGE(AC47,AL47) -> 24.243087 | CD47: =AVERAGE(Q47,AM47,BB47,BN47) -> 43.33667 | CF47: =AVERAGE(F47,AN47) -> 18.132365 | CG47: =AVERAGE(G47,M47,V47,Y47,AX47,BG47,BJ47,BP47,BS47) -> 40.361951 | CH47: =AVERAGE(AA47,AY47,BK47) -> 37.348741 | CJ47: =AVERAGE(C47,L47,O47,R47,AB47,AK47,AZ47,BC47,BL47,BR47) -> 27.129712 | CK47: =AVERAGE(D47,J47,P47,S47,AF47,AI47,AO47,AR47,AU47,BA47,BD47,BM47) -> 23.390898 | CL47: =AVERAGE(E47,H47,K47,N47,T47,W47,Z47,AD47,AG47,AJ47,AP47,AS47,AV47,BE47,BH47,BQ47) -> 21.021303 | CN47: =(BX47-$BV47)/$BV47*100 -> -0.59533837 | CO47: =(BY47-$BV47)/$BV47*100 -> 37.573205 | CP47: =(BZ47-$BV47)/$BV47*100 -> -13.213676 | CR47: =(CB47-$BV47)/$BV47*100 -> -23.575869 | CS47: =(CC47-$BV47)/$BV47*100 -> -9.7047854 | CT47: =(CD47-$BV47)/$BV47*100 -> 61.410711 | CV47: =(CF47-$BV47)/$BV47*100 -> -32.464632 | CW47: =(CG47-$BV47)/$BV47*100 -> 50.331145 | CX47: =(CH47-$BV47)/$BV47*100 -> 39.108216 | CZ47: =(CJ47-$BV47)/$BV47*100 -> 1.0466694 | DA47: =(CK47-$BV47)/$BV47*100 -> -12.878827 | DB47: =(CL47-$BV47)/$BV47*100 -> -21.704565 | DD47: =BX47 -> 26.688855 | DE47: =BY47 -> 36.936611 | DF47: =BZ47 -> 23.300996 | DH47: =(CB47-$DD47)/$DD47*100 -> -23.118162 | DI47: =(CC47-$DD47)/$DD47*100 -> -9.1640038 | DJ47: =(CD47-$DD47)/$DD47*100 -> 62.377406 | DL47: =(CF47-$DE47)/$DE47*100 -> -50.909504 | DM47: =(CG47-$DE47)/$DE47*100 -> 9.2735649 | DN47: =(CH47-$DE47)/$DE47*100 -> 1.1157775 | DP47: =(CJ47-$DF47)/$DF47*100 -> 16.431558 | DQ47: =(CK47-$DF47)/$DF47*100 -> 0.38583112 | DR47: =(CL47-$DF47)/$DF47*100 -> -9.7836719
A48: ='data convert'!A48 -> May | B48: ='data convert'!B48 -> 109.45484 | C48: ='data convert'!C48 -> 65.826882 | D48: ='data convert'!D48 -> 35.161765 | E48: ='data convert'!E48 -> 120.76129 | F48: ='data convert'!F48 -> 91.685185 | G48: ='data convert'!G48 -> 50.620588 | H48: ='data convert'!H48 -> 98.332258 | ... BS48: ='data convert'!BS48 -> 59.12 | BV48: =AVERAGE(B48:BS48) -> 71.146129 | BX48: =AVERAGE(I48,Q48,X48,AC48,AE48,AH48,AL48,AM48,AQ48,AT48,AW48,BB48,BF48,BI48,BN48,BO48) -> 76.616209 | BY48: =AVERAGE(B48,F48,G48,M48,V48,Y48,AA48,AN48,AX48,AY48,BG48,BJ48,BK48,BP48,BS48) -> 78.89581 | BZ48: =AVERAGE(C48,D48,E48,H48,K48,L48,N48,O48,P48,R48,S48,T48,U48,W48,Z48,AB48,AD48,AF48,AG48,AI48,AJ48,AK48,AO48,AP48,AR48,AS48,AU48,AV48,AZ48,BA48,BC48,BD48,BE48,BH48,BL48,BM48,BQ48,BR48) -> 66.546909 | CB48: =AVERAGE(I48,X48,AE48,AH48,AQ48,AT48,AW48,BF48,BI48,BO48) -> 92.098817 | CC48: =AVERAGE(AC48,AL48) -> 35.269034 | CD48: =AVERAGE(Q48,AM48,BB48,BN48) -> 58.583276 | CF48: =AVERAGE(F48,AN48) -> 59.342593 | CG48: =AVERAGE(G48,M48,V48,Y48,AX48,BG48,BJ48,BP48,BS48) -> 87.303046 | CH48: =AVERAGE(AA48,AY48,BK48) -> 56.523239 | CJ48: =AVERAGE(C48,L48,O48,R48,AB48,AK48,AZ48,BC48,BL48,BR48) -> 73.679339 | CK48: =AVERAGE(D48,J48,P48,S48,AF48,AI48,AO48,AR48,AU48,BA48,BD48,BM48) -> 48.739194 | CL48: =AVERAGE(E48,H48,K48,N48,T48,W48,Z48,AD48,AG48,AJ48,AP48,AS48,AV48,BE48,BH48,BQ48) -> 71.088772 | CN48: =(BX48-$BV48)/$BV48*100 -> 7.6885133 | CO48: =(BY48-$BV48)/$BV48*100 -> 10.892625 | CP48: =(BZ48-$BV48)/$BV48*100 -> -6.4644697 | CR48: =(CB48-$BV48)/$BV48*100 -> 29.450215 | CS48: =(CC48-$BV48)/$BV48*100 -> -50.427333 | CT48: =(CD48-$BV48)/$BV48*100 -> -17.657817 | CV48: =(CF48-$BV48)/$BV48*100 -> -16.590554 | CW48: =(CG48-$BV48)/$BV48*100 -> 22.709481 | CX48: =(CH48-$BV48)/$BV48*100 -> -20.553319 | CZ48: =(CJ48-$BV48)/$BV48*100 -> 3.5605725 | DA48: =(CK48-$BV48)/$BV48*100 -> -31.494244 | DB48: =(CL48-$BV48)/$BV48*100 -> -0.080618433 | DD48: =BX48 -> 76.616209 | DE48: =BY48 -> 78.89581 | DF48: =BZ48 -> 66.546909 | DH48: =(CB48-$DD48)/$DD48*100 -> 20.208006 | DI48: =(CC48-$DD48)/$DD48*100 -> -53.966615 | DJ48: =(CD48-$DD48)/$DD48*100 -> -23.536707 | DL48: =(CF48-$DE48)/$DE48*100 -> -24.783595 | DM48: =(CG48-$DE48)/$DE48*100 -> 10.656125 | DN48: =(CH48-$DE48)/$DE48*100 -> -28.35711 | DP48: =(CJ48-$DF48)/$DF48*100 -> 10.717897 | DQ48: =(CK48-$DF48)/$DF48*100 -> -26.759644 | DR48: =(CL48-$DF48)/$DF48*100 -> 6.8250549
A49: ='data convert'!A49 -> Jun | B49: ='data convert'!B49 -> 19.477419 | C49: ='data convert'!C49 -> 58.751613 | D49: ='data convert'!D49 -> 89.408824 | E49: ='data convert'!E49 -> 87.367742 | F49: ='data convert'!F49 -> 28.607407 | G49: ='data convert'!G49 -> 88.617647 | H49: ='data convert'!H49 -> 46.548387 | ... BS49: ='data convert'!BS49 -> 103.93 | BV49: =AVERAGE(B49:BS49) -> 58.76428 | BX49: =AVERAGE(I49,Q49,X49,AC49,AE49,AH49,AL49,AM49,AQ49,AT49,AW49,BB49,BF49,BI49,BN49,BO49) -> 62.212894 | BY49: =AVERAGE(B49,F49,G49,M49,V49,Y49,AA49,AN49,AX49,AY49,BG49,BJ49,BK49,BP49,BS49) -> 43.368795 | BZ49: =AVERAGE(C49,D49,E49,H49,K49,L49,N49,O49,P49,R49,S49,T49,U49,W49,Z49,AB49,AD49,AF49,AG49,AI49,AJ49,AK49,AO49,AP49,AR49,AS49,AU49,AV49,AZ49,BA49,BC49,BD49,BE49,BH49,BL49,BM49,BQ49,BR49) -> 63.519013 | CB49: =AVERAGE(I49,X49,AE49,AH49,AQ49,AT49,AW49,BF49,BI49,BO49) -> 73.198208 | CC49: =AVERAGE(AC49,AL49) -> 53.144444 | CD49: =AVERAGE(Q49,AM49,BB49,BN49) -> 39.283831 | CF49: =AVERAGE(F49,AN49) -> 29.185522 | CG49: =AVERAGE(G49,M49,V49,Y49,AX49,BG49,BJ49,BP49,BS49) -> 52.853132 | CH49: =AVERAGE(AA49,AY49,BK49) -> 32.335089 | CJ49: =AVERAGE(C49,L49,O49,R49,AB49,AK49,AZ49,BC49,BL49,BR49) -> 55.062558 | CK49: =AVERAGE(D49,J49,P49,S49,AF49,AI49,AO49,AR49,AU49,BA49,BD49,BM49) -> 69.25212 | CL49: =AVERAGE(E49,H49,K49,N49,T49,W49,Z49,AD49,AG49,AJ49,AP49,AS49,AV49,BE49,BH49,BQ49) -> 64.106139 | CN49: =(BX49-$BV49)/$BV49*100 -> 5.8685547 | CO49: =(BY49-$BV49)/$BV49*100 -> -26.198713 | CP49: =(BZ49-$BV49)/$BV49*100 -> 8.0911955 | CR49: =(CB49-$BV49)/$BV49*100 -> 24.562419 | CS49: =(CC49-$BV49)/$BV49*100 -> -9.5633526 | CT49: =(CD49-$BV49)/$BV49*100 -> -33.150153 | CV49: =(CF49-$BV49)/$BV49*100 -> -50.334588 | CW49: =(CG49-$BV49)/$BV49*100 -> -10.059083 | CX49: =(CH49-$BV49)/$BV49*100 -> -44.974925 | CZ49: =(CJ49-$BV49)/$BV49*100 -> -6.2992717 | DA49: =(CK49-$BV49)/$BV49*100 -> 17.847305 | DB49: =(CL49-$BV49)/$BV49*100 -> 9.0903164 | DD49: =BX49 -> 62.212894 | DE49: =BY49 -> 43.368795 | DF49: =BZ49 -> 63.519013 | DH49: =(CB49-$DD49)/$DD49*100 -> 17.657618 | DI49: =(CC49-$DD49)/$DD49*100 -> -14.576479 | DJ49: =(CD49-$DD49)/$DD49*100 -> -36.855804 | DL49: =(CF49-$DE49)/$DE49*100 -> -32.703867 | DM49: =(CG49-$DE49)/$DE49*100 -> 21.869036 | DN49: =(CH49-$DE49)/$DE49*100 -> -25.441578 | DP49: =(CJ49-$DF49)/$DF49*100 -> -13.313265 | DQ49: =(CK49-$DF49)/$DF49*100 -> 9.0258136 | DR49: =(CL49-$DF49)/$DF49*100 -> 0.92433144
A50: ='data convert'!A50 -> Jul | B50: ='data convert'!B50 -> 120.42903 | C50: ='data convert'!C50 -> 83.434409 | D50: ='data convert'!D50 -> 147.36765 | E50: ='data convert'!E50 -> 220 | F50: ='data convert'!F50 -> 55.514815 | G50: ='data convert'!G50 -> 50.638235 | H50: ='data convert'!H50 -> 21.532258 | ... BS50: ='data convert'!BS50 -> 286.94 | BV50: =AVERAGE(B50:BS50) -> 82.124518 | BX50: =AVERAGE(I50,Q50,X50,AC50,AE50,AH50,AL50,AM50,AQ50,AT50,AW50,BB50,BF50,BI50,BN50,BO50) -> 81.094174 | BY50: =AVERAGE(B50,F50,G50,M50,V50,Y50,AA50,AN50,AX50,AY50,BG50,BJ50,BK50,BP50,BS50) -> 100.12151 | BZ50: =AVERAGE(C50,D50,E50,H50,K50,L50,N50,O50,P50,R50,S50,T50,U50,W50,Z50,AB50,AD50,AF50,AG50,AI50,AJ50,AK50,AO50,AP50,AR50,AS50,AU50,AV50,AZ50,BA50,BC50,BD50,BE50,BH50,BL50,BM50,BQ50,BR50) -> 77.036205 | CB50: =AVERAGE(I50,X50,AE50,AH50,AQ50,AT50,AW50,BF50,BI50,BO50) -> 85.715577 | CC50: =AVERAGE(AC50,AL50) -> 58.826319 | CD50: =AVERAGE(Q50,AM50,BB50,BN50) -> 80.674594 | CF50: =AVERAGE(F50,AN50) -> 136.91423 | CG50: =AVERAGE(G50,M50,V50,Y50,AX50,BG50,BJ50,BP50,BS50) -> 96.310892 | CH50: =AVERAGE(AA50,AY50,BK50) -> 80.255694 | CJ50: =AVERAGE(C50,L50,O50,R50,AB50,AK50,AZ50,BC50,BL50,BR50) -> 115.77969 | CK50: =AVERAGE(D50,J50,P50,S50,AF50,AI50,AO50,AR50,AU50,BA50,BD50,BM50) -> 62.329739 | CL50: =AVERAGE(E50,H50,K50,N50,T50,W50,Z50,AD50,AG50,AJ50,AP50,AS50,AV50,BE50,BH50,BQ50) -> 61.039377 | CN50: =(BX50-$BV50)/$BV50*100 -> -1.2546121 | CO50: =(BY50-$BV50)/$BV50*100 -> 21.91427 | CP50: =(BZ50-$BV50)/$BV50*100 -> -6.1958519 | CR50: =(CB50-$BV50)/$BV50*100 -> 4.3727002 | CS50: =(CC50-$BV50)/$BV50*100 -> -28.369358 | CT50: =(CD50-$BV50)/$BV50*100 -> -1.7655197 | CV50: =(CF50-$BV50)/$BV50*100 -> 66.715408 | CW50: =(CG50-$BV50)/$BV50*100 -> 17.274225 | CX50: =(CH50-$BV50)/$BV50*100 -> -2.2755981 | CZ50: =(CJ50-$BV50)/$BV50*100 -> 40.980669 | DA50: =(CK50-$BV50)/$BV50*100 -> -24.103373 | DB50: =(CL50-$BV50)/$BV50*100 -> -25.674599 | DD50: =BX50 -> 81.094174 | DE50: =BY50 -> 100.12151 | DF50: =BZ50 -> 77.036205 | DH50: =(CB50-$DD50)/$DD50*100 -> 5.6988102 | DI50: =(CC50-$DD50)/$DD50*100 -> -27.459253 | DJ50: =(CD50-$DD50)/$DD50*100 -> -0.51739896 | DL50: =(CF50-$DE50)/$DE50*100 -> 36.748068 | DM50: =(CG50-$DE50)/$DE50*100 -> -3.8059896 | DN50: =(CH50-$DE50)/$DE50*100 -> -19.841703 | DP50: =(CJ50-$DF50)/$DF50*100 -> 50.292574 | DQ50: =(CK50-$DF50)/$DF50*100 -> -19.09033 | DR50: =(CL50-$DF50)/$DF50*100 -> -20.765337
A51: ='data convert'!A51 -> Aug | B51: ='data convert'!B51 -> 25.809677 | C51: ='data convert'!C51 -> 95.592473 | D51: ='data convert'!D51 -> 24.376471 | E51: ='data convert'!E51 -> 212.63226 | F51: ='data convert'!F51 -> 58.37037 | G51: ='data convert'!G51 -> 44.047059 | H51: ='data convert'!H51 -> 36.558065 | ... BS51: ='data convert'!BS51 -> 92.65 | BV51: =AVERAGE(B51:BS51) -> 88.964463 | BX51: =AVERAGE(I51,Q51,X51,AC51,AE51,AH51,AL51,AM51,AQ51,AT51,AW51,BB51,BF51,BI51,BN51,BO51) -> 107.13532 | BY51: =AVERAGE(B51,F51,G51,M51,V51,Y51,AA51,AN51,AX51,AY51,BG51,BJ51,BK51,BP51,BS51) -> 98.991616 | BZ51: =AVERAGE(C51,D51,E51,H51,K51,L51,N51,O51,P51,R51,S51,T51,U51,W51,Z51,AB51,AD51,AF51,AG51,AI51,AJ51,AK51,AO51,AP51,AR51,AS51,AU51,AV51,AZ51,BA51,BC51,BD51,BE51,BH51,BL51,BM51,BQ51,BR51) -> 77.372978 | CB51: =AVERAGE(I51,X51,AE51,AH51,AQ51,AT51,AW51,BF51,BI51,BO51) -> 108.76311 | CC51: =AVERAGE(AC51,AL51) -> 52.291181 | CD51: =AVERAGE(Q51,AM51,BB51,BN51) -> 130.48789 | CF51: =AVERAGE(F51,AN51) -> 37.737458 | CG51: =AVERAGE(G51,M51,V51,Y51,AX51,BG51,BJ51,BP51,BS51) -> 107.59533 | CH51: =AVERAGE(AA51,AY51,BK51) -> 138.41056 | CJ51: =AVERAGE(C51,L51,O51,R51,AB51,AK51,AZ51,BC51,BL51,BR51) -> 71.224389 | CK51: =AVERAGE(D51,J51,P51,S51,AF51,AI51,AO51,AR51,AU51,BA51,BD51,BM51) -> 81.68199 | CL51: =AVERAGE(E51,H51,K51,N51,T51,W51,Z51,AD51,AG51,AJ51,AP51,AS51,AV51,BE51,BH51,BQ51) -> 79.616662 | CN51: =(BX51-$BV51)/$BV51*100 -> 20.424843 | CO51: =(BY51-$BV51)/$BV51*100 -> 11.270964 | CP51: =(BZ51-$BV51)/$BV51*100 -> -13.029344 | CR51: =(CB51-$BV51)/$BV51*100 -> 22.25456 | CS51: =(CC51-$BV51)/$BV51*100 -> -41.222395 | CT51: =(CD51-$BV51)/$BV51*100 -> 46.674171 | CV51: =(CF51-$BV51)/$BV51*100 -> -57.581425 | CW51: =(CG51-$BV51)/$BV51*100 -> 20.94192 | CX51: =(CH51-$BV51)/$BV51*100 -> 55.579601 | CZ51: =(CJ51-$BV51)/$BV51*100 -> -19.94063 | DA51: =(CK51-$BV51)/$BV51*100 -> -8.1858232 | DB51: =(CL51-$BV51)/$BV51*100 -> -10.507343 | DD51: =BX51 -> 107.13532 | DE51: =BY51 -> 98.991616 | DF51: =BZ51 -> 77.372978 | DH51: =(CB51-$DD51)/$DD51*100 -> 1.5193846 | DI51: =(CC51-$DD51)/$DD51*100 -> -51.191463 | DJ51: =(CD51-$DD51)/$DD51*100 -> 21.79727 | DL51: =(CF51-$DE51)/$DE51*100 -> -61.878127 | DM51: =(CG51-$DE51)/$DE51*100 -> 8.6913568 | DN51: =(CH51-$DE51)/$DE51*100 -> 39.820485 | DP51: =(CJ51-$DF51)/$DF51*100 -> -7.9466875 | DQ51: =(CK51-$DF51)/$DF51*100 -> 5.5691433 | DR51: =(CL51-$DF51)/$DF51*100 -> 2.8998299
A52: ='data convert'!A52 -> Sep | B52: ='data convert'!B52 -> 70.058065 | C52: ='data convert'!C52 -> 142.96452 | D52: ='data convert'!D52 -> 114.97941 | E52: ='data convert'!E52 -> 47.541935 | F52: ='data convert'!F52 -> 160.38889 | G52: ='data convert'!G52 -> 160.77647 | H52: ='data convert'!H52 -> 56.354839 | ... BS52: ='data convert'!BS52 -> 177.64 | BV52: =AVERAGE(B52:BS52) -> 139.82955 | BX52: =AVERAGE(I52,Q52,X52,AC52,AE52,AH52,AL52,AM52,AQ52,AT52,AW52,BB52,BF52,BI52,BN52,BO52) -> 128.34905 | BY52: =AVERAGE(B52,F52,G52,M52,V52,Y52,AA52,AN52,AX52,AY52,BG52,BJ52,BK52,BP52,BS52) -> 138.89386 | BZ52: =AVERAGE(C52,D52,E52,H52,K52,L52,N52,O52,P52,R52,S52,T52,U52,W52,Z52,AB52,AD52,AF52,AG52,AI52,AJ52,AK52,AO52,AP52,AR52,AS52,AU52,AV52,AZ52,BA52,BC52,BD52,BE52,BH52,BL52,BM52,BQ52,BR52) -> 144.7058 | CB52: =AVERAGE(I52,X52,AE52,AH52,AQ52,AT52,AW52,BF52,BI52,BO52) -> 118.61686 | CC52: =AVERAGE(AC52,AL52) -> 159.0768 | CD52: =AVERAGE(Q52,AM52,BB52,BN52) -> 137.31565 | CF52: =AVERAGE(F52,AN52) -> 160.00922 | CG52: =AVERAGE(G52,M52,V52,Y52,AX52,BG52,BJ52,BP52,BS52) -> 162.78245 | CH52: =AVERAGE(AA52,AY52,BK52) -> 76.096443 | CJ52: =AVERAGE(C52,L52,O52,R52,AB52,AK52,AZ52,BC52,BL52,BR52) -> 165.37269 | CK52: =AVERAGE(D52,J52,P52,S52,AF52,AI52,AO52,AR52,AU52,BA52,BD52,BM52) -> 148.64599 | CL52: =AVERAGE(E52,H52,K52,N52,T52,W52,Z52,AD52,AG52,AJ52,AP52,AS52,AV52,BE52,BH52,BQ52) -> 130.936 | CN52: =(BX52-$BV52)/$BV52*100 -> -8.2103542 | CO52: =(BY52-$BV52)/$BV52*100 -> -0.6691685 | CP52: =(BZ52-$BV52)/$BV52*100 -> 3.4872805 | CR52: =(CB52-$BV52)/$BV52*100 -> -15.170392 | CS52: =(CC52-$BV52)/$BV52*100 -> 13.764793 | CT52: =(CD52-$BV52)/$BV52*100 -> -1.7978341 | CV52: =(CF52-$BV52)/$BV52*100 -> 14.431617 | CW52: =(CG52-$BV52)/$BV52*100 -> 16.41491 | CX52: =(CH52-$BV52)/$BV52*100 -> -45.579141 | CZ52: =(CJ52-$BV52)/$BV52*100 -> 18.267338 | DA52: =(CK52-$BV52)/$BV52*100 -> 6.3051311 | DB52: =(CL52-$BV52)/$BV52*100 -> -6.3602797 | DD52: =BX52 -> 128.34905 | DE52: =BY52 -> 138.89386 | DF52: =BZ52 -> 144.7058 | DH52: =(CB52-$DD52)/$DD52*100 -> -7.5825954 | DI52: =(CC52-$DD52)/$DD52*100 -> 23.940769 | DJ52: =(CD52-$DD52)/$DD52*100 -> 6.9861039 | DL52: =(CF52-$DE52)/$DE52*100 -> 15.202516 | DM52: =(CG52-$DE52)/$DE52*100 -> 17.19917 | DN52: =(CH52-$DE52)/$DE52*100 -> -45.212521 | DP52: =(CJ52-$DF52)/$DF52*100 -> 14.282004 | DQ52: =(CK52-$DF52)/$DF52*100 -> 2.7228956 | DR52: =(CL52-$DF52)/$DF52*100 -> -9.5157203
A53: ='data convert'!A53 -> Oct | B53: ='data convert'!B53 -> 78.193548 | C53: ='data convert'!C53 -> 133.27634 | D53: ='data convert'!D53 -> 325.98824 | E53: ='data convert'!E53 -> 256.04516 | F53: ='data convert'!F53 -> 80.896296 | G53: ='data convert'!G53 -> 366.65882 | H53: ='data convert'!H53 -> 139.10645 | ... BS53: ='data convert'!BS53 -> 197.71 | BV53: =AVERAGE(B53:BS53) -> 139.50312 | BX53: =AVERAGE(I53,Q53,X53,AC53,AE53,AH53,AL53,AM53,AQ53,AT53,AW53,BB53,BF53,BI53,BN53,BO53) -> 117.01275 | BY53: =AVERAGE(B53,F53,G53,M53,V53,Y53,AA53,AN53,AX53,AY53,BG53,BJ53,BK53,BP53,BS53) -> 164.31376 | BZ53: =AVERAGE(C53,D53,E53,H53,K53,L53,N53,O53,P53,R53,S53,T53,U53,W53,Z53,AB53,AD53,AF53,AG53,AI53,AJ53,AK53,AO53,AP53,AR53,AS53,AU53,AV53,AZ53,BA53,BC53,BD53,BE53,BH53,BL53,BM53,BQ53,BR53) -> 141.57536 | CB53: =AVERAGE(I53,X53,AE53,AH53,AQ53,AT53,AW53,BF53,BI53,BO53) -> 102.05523 | CC53: =AVERAGE(AC53,AL53) -> 131.38076 | CD53: =AVERAGE(Q53,AM53,BB53,BN53) -> 147.22254 | CF53: =AVERAGE(F53,AN53) -> 72.590194 | CG53: =AVERAGE(G53,M53,V53,Y53,AX53,BG53,BJ53,BP53,BS53) -> 204.30708 | CH53: =AVERAGE(AA53,AY53,BK53) -> 134.1896 | CJ53: =AVERAGE(C53,L53,O53,R53,AB53,AK53,AZ53,BC53,BL53,BR53) -> 139.09718 | CK53: =AVERAGE(D53,J53,P53,S53,AF53,AI53,AO53,AR53,AU53,BA53,BD53,BM53) -> 133.60839 | CL53: =AVERAGE(E53,H53,K53,N53,T53,W53,Z53,AD53,AG53,AJ53,AP53,AS53,AV53,BE53,BH53,BQ53) -> 143.72609 | CN53: =(BX53-$BV53)/$BV53*100 -> -16.12177 | CO53: =(BY53-$BV53)/$BV53*100 -> 17.78501 | CP53: =(BZ53-$BV53)/$BV53*100 -> 1.4854408 | CR53: =(CB53-$BV53)/$BV53*100 -> -26.843767 | CS53: =(CC53-$BV53)/$BV53*100 -> -5.8223476 | CT53: =(CD53-$BV53)/$BV53*100 -> 5.5335096 | CV53: =(CF53-$BV53)/$BV53*100 -> -47.965183 | CW53: =(CG53-$BV53)/$BV53*100 -> 46.453412 | CX53: =(CH53-$BV53)/$BV53*100 -> -3.8088864 | CZ53: =(CJ53-$BV53)/$BV53*100 -> -0.29099244 | DA53: =(CK53-$BV53)/$BV53*100 -> -4.2255222 | DB53: =(CL53-$BV53)/$BV53*100 -> 3.0271501 | DD53: =BX53 -> 117.01275 | DE53: =BY53 -> 164.31376 | DF53: =BZ53 -> 141.57536 | DH53: =(CB53-$DD53)/$DD53*100 -> -12.782812 | DI53: =(CC53-$DD53)/$DD53*100 -> 12.279018 | DJ53: =(CD53-$DD53)/$DD53*100 -> 25.817522 | DL53: =(CF53-$DE53)/$DE53*100 -> -55.822208 | DM53: =(CG53-$DE53)/$DE53*100 -> 24.339601 | DN53: =(CH53-$DE53)/$DE53*100 -> -18.333315 | DP53: =(CJ53-$DF53)/$DF53*100 -> -1.7504316 | DQ53: =(CK53-$DF53)/$DF53*100 -> -5.6273718 | DR53: =(CL53-$DF53)/$DF53*100 -> 1.5191433
A54: ='data convert'!A54 -> Nov | B54: ='data convert'!B54 -> 17.441935 | C54: ='data convert'!C54 -> 52.766667 | D54: ='data convert'!D54 -> 5.5647059 | E54: ='data convert'!E54 -> 38.545161 | F54: ='data convert'!F54 -> 25.022222 | G54: ='data convert'!G54 -> 63.297059 | H54: ='data convert'!H54 -> 31.329032 | ... BS54: ='data convert'!BS54 -> 196.94 | BV54: =AVERAGE(B54:BS54) -> 56.076443 | BX54: =AVERAGE(I54,Q54,X54,AC54,AE54,AH54,AL54,AM54,AQ54,AT54,AW54,BB54,BF54,BI54,BN54,BO54) -> 58.077425 | BY54: =AVERAGE(B54,F54,G54,M54,V54,Y54,AA54,AN54,AX54,AY54,BG54,BJ54,BK54,BP54,BS54) -> 52.70827 | BZ54: =AVERAGE(C54,D54,E54,H54,K54,L54,N54,O54,P54,R54,S54,T54,U54,W54,Z54,AB54,AD54,AF54,AG54,AI54,AJ54,AK54,AO54,AP54,AR54,AS54,AU54,AV54,AZ54,BA54,BC54,BD54,BE54,BH54,BL54,BM54,BQ54,BR54) -> 57.080682 | CB54: =AVERAGE(I54,X54,AE54,AH54,AQ54,AT54,AW54,BF54,BI54,BO54) -> 57.018341 | CC54: =AVERAGE(AC54,AL54) -> 55.943371 | CD54: =AVERAGE(Q54,AM54,BB54,BN54) -> 61.792165 | CF54: =AVERAGE(F54,AN54) -> 21.096338 | CG54: =AVERAGE(G54,M54,V54,Y54,AX54,BG54,BJ54,BP54,BS54) -> 54.816044 | CH54: =AVERAGE(AA54,AY54,BK54) -> 79.215015 | CJ54: =AVERAGE(C54,L54,O54,R54,AB54,AK54,AZ54,BC54,BL54,BR54) -> 70.71277 | CK54: =AVERAGE(D54,J54,P54,S54,AF54,AI54,AO54,AR54,AU54,BA54,BD54,BM54) -> 35.276624 | CL54: =AVERAGE(E54,H54,K54,N54,T54,W54,Z54,AD54,AG54,AJ54,AP54,AS54,AV54,BE54,BH54,BQ54) -> 65.958242 | CN54: =(BX54-$BV54)/$BV54*100 -> 3.5683123 | CO54: =(BY54-$BV54)/$BV54*100 -> -6.0063951 | CP54: =(BZ54-$BV54)/$BV54*100 -> 1.7908397 | CR54: =(CB54-$BV54)/$BV54*100 -> 1.6796676 | CS54: =(CC54-$BV54)/$BV54*100 -> -0.23730404 | CT54: =(CD54-$BV54)/$BV54*100 -> 10.192732 | CV54: =(CF54-$BV54)/$BV54*100 -> -62.379321 | CW54: =(CG54-$BV54)/$BV54*100 -> -2.2476443 | CX54: =(CH54-$BV54)/$BV54*100 -> 41.262553 | CZ54: =(CJ54-$BV54)/$BV54*100 -> 26.100669 | DA54: =(CK54-$BV54)/$BV54*100 -> -37.091902 | DB54: =(CL54-$BV54)/$BV54*100 -> 17.622014 | DD54: =BX54 -> 58.077425 | DE54: =BY54 -> 52.70827 | DF54: =BZ54 -> 57.080682 | DH54: =(CB54-$DD54)/$DD54*100 -> -1.8235739 | DI54: =(CC54-$DD54)/$DD54*100 -> -3.6744988 | DJ54: =(CD54-$DD54)/$DD54*100 -> 6.3961842 | DL54: =(CF54-$DE54)/$DE54*100 -> -59.975278 | DM54: =(CG54-$DE54)/$DE54*100 -> 3.9989431 | DN54: =(CH54-$DE54)/$DE54*100 -> 50.289537 | DP54: =(CJ54-$DF54)/$DF54*100 -> 23.882139 | DQ54: =(CK54-$DF54)/$DF54*100 -> -38.198665 | DR54: =(CL54-$DF54)/$DF54*100 -> 15.552652
A55: ='data convert'!A55 -> Dec | B55: ='data convert'!B55 -> 0 | C55: ='data convert'!C55 -> 11.778495 | D55: ='data convert'!D55 -> 1.0911765 | E55: ='data convert'!E55 -> 25.93871 | F55: ='data convert'!F55 -> 10.051852 | G55: ='data convert'!G55 -> 2.2794118 | H55: ='data convert'!H55 -> 0 | ... BS55: ='data convert'!BS55 -> 49.54 | BV55: =AVERAGE(B55:BS55) -> 15.181094 | BX55: =AVERAGE(I55,Q55,X55,AC55,AE55,AH55,AL55,AM55,AQ55,AT55,AW55,BB55,BF55,BI55,BN55,BO55) -> 20.316159 | BY55: =AVERAGE(B55,F55,G55,M55,V55,Y55,AA55,AN55,AX55,AY55,BG55,BJ55,BK55,BP55,BS55) -> 15.065216 | BZ55: =AVERAGE(C55,D55,E55,H55,K55,L55,N55,O55,P55,R55,S55,T55,U55,W55,Z55,AB55,AD55,AF55,AG55,AI55,AJ55,AK55,AO55,AP55,AR55,AS55,AU55,AV55,AZ55,BA55,BC55,BD55,BE55,BH55,BL55,BM55,BQ55,BR55) -> 13.140959 | CB55: =AVERAGE(I55,X55,AE55,AH55,AQ55,AT55,AW55,BF55,BI55,BO55) -> 23.895508 | CC55: =AVERAGE(AC55,AL55) -> 29.544602 | CD55: =AVERAGE(Q55,AM55,BB55,BN55) -> 6.7535657 | CF55: =AVERAGE(F55,AN55) -> 6.7725168 | CG55: =AVERAGE(G55,M55,V55,Y55,AX55,BG55,BJ55,BP55,BS55) -> 19.733573 | CH55: =AVERAGE(AA55,AY55,BK55) -> 11.610349 | CJ55: =AVERAGE(C55,L55,O55,R55,AB55,AK55,AZ55,BC55,BL55,BR55) -> 11.832482 | CK55: =AVERAGE(D55,J55,P55,S55,AF55,AI55,AO55,AR55,AU55,BA55,BD55,BM55) -> 14.24549 | CL55: =AVERAGE(E55,H55,K55,N55,T55,W55,Z55,AD55,AG55,AJ55,AP55,AS55,AV55,BE55,BH55,BQ55) -> 13.74428 | CN55: =(BX55-$BV55)/$BV55*100 -> 33.825398 | CO55: =(BY55-$BV55)/$BV55*100 -> -0.76330303 | CP55: =(BZ55-$BV55)/$BV55*100 -> -13.438654 | CR55: =(CB55-$BV55)/$BV55*100 -> 57.403072 | CS55: =(CC55-$BV55)/$BV55*100 -> 94.614451 | CT55: =(CD55-$BV55)/$BV55*100 -> -55.513313 | CV55: =(CF55-$BV55)/$BV55*100 -> -55.388479 | CW55: =(CG55-$BV55)/$BV55*100 -> 29.987823 | CX55: =(CH55-$BV55)/$BV55*100 -> -23.520999 | CZ55: =(CJ55-$BV55)/$BV55*100 -> -22.057775 | DA55: =(CK55-$BV55)/$BV55*100 -> -6.1629559 | DB55: =(CL55-$BV55)/$BV55*100 -> -9.4644975 | DD55: =BX55 -> 20.316159 | DE55: =BY55 -> 15.065216 | DF55: =BZ55 -> 13.140959 | DH55: =(CB55-$DD55)/$DD55*100 -> 17.618236 | DI55: =(CC55-$DD55)/$DD55*100 -> 45.424152 | DJ55: =(CD55-$DD55)/$DD55*100 -> -66.757665 | DL55: =(CF55-$DE55)/$DE55*100 -> -55.045339 | DM55: =(CG55-$DE55)/$DE55*100 -> 30.987656 | DN55: =(CH55-$DE55)/$DE55*100 -> -22.932743 | DP55: =(CJ55-$DF55)/$DF55*100 -> -9.9572397 | DQ55: =(CK55-$DF55)/$DF55*100 -> 8.4052511 | DR55: =(CL55-$DF55)/$DF55*100 -> 4.591145
A56: ='data convert'!A56 -> Annual | B56: =SUM(B44:B55) -> 501.49032 | C56: =SUM(C44:C55) -> 686.79785 | D56: =SUM(D44:D55) -> 810.49706 | E56: =SUM(E44:E55) -> 1033.4161 | F56: =SUM(F44:F55) -> 546.57778 | G56: =SUM(G44:G55) -> 853.37059 | H56: =SUM(H44:H55) -> 452.82258 | I56: =SUM(I44:I55) -> 670.75484 | ... BS56: =SUM(BS44:BS55) -> 1250.92 | BV56: =SUM(BV44:BV55) -> 694.87692 | BX56: =SUM(BX44:BX55) -> 690.67274 | BY56: =SUM(BY44:BY55) -> 749.71412 | BZ56: =SUM(BZ44:BZ55) -> 680.28868 | CB56: =SUM(CB44:CB55) -> 688.25183 | CC56: =SUM(CC44:CC55) -> 606.8197 | CD56: =SUM(CD44:CD55) -> 738.65155 | CF56: =SUM(CF44:CF55) -> 548.5673 | CG56: =SUM(CG44:CG55) -> 851.76411 | CH56: =SUM(CH44:CH55) -> 660.4033 | CJ56: =SUM(CJ44:CJ55) -> 747.6444 | CK56: =SUM(CK44:CK55) -> 634.90522 | CL56: =SUM(CL44:CL55) -> 665.7204 | CN56: =(BX56-$BV56)/$BV56*100 -> -0.60502471 | CO56: =(BY56-$BV56)/$BV56*100 -> 7.891642 | CP56: =(BZ56-$BV56)/$BV56*100 -> -2.0993991 | CR56: =(CB56-$BV56)/$BV56*100 -> -0.95341906 | CS56: =(CC56-$BV56)/$BV56*100 -> -12.672348 | CT56: =(CD56-$BV56)/$BV56*100 -> 6.299623 | CV56: =(CF56-$BV56)/$BV56*100 -> -21.055473 | CW56: =(CG56-$BV56)/$BV56*100 -> 22.577695 | CX56: =(CH56-$BV56)/$BV56*100 -> -4.9611124 | CZ56: =(CJ56-$BV56)/$BV56*100 -> 7.5937876 | DA56: =(CK56-$BV56)/$BV56*100 -> -8.6305501 | DB56: =(CL56-$BV56)/$BV56*100 -> -4.1959261 | DD56: =BX56 -> 690.67274 | DE56: =BY56 -> 749.71412 | DF56: =BZ56 -> 680.28868 | DH56: =(CB56-$DD56)/$DD56*100 -> -0.35051505 | DI56: =(CC56-$DD56)/$DD56*100 -> -12.140778 | DJ56: =(CD56-$DD56)/$DD56*100 -> 6.9466768 | DL56: =(CF56-$DE56)/$DE56*100 -> -26.829803 | DM56: =(CG56-$DE56)/$DE56*100 -> 13.611854 | DN56: =(CH56-$DE56)/$DE56*100 -> -11.912651 | DP56: =(CJ56-$DF56)/$DF56*100 -> 9.9010493 | DQ56: =(CK56-$DF56)/$DF56*100 -> -6.6712062 | DR56: =(CL56-$DF56)/$DF56*100 -> -2.1414853
A57: ='data convert'!A57 -> winter | B57: =SUM(B44:B45) -> 0 | C57: =SUM(C44:C45) -> 6.7741935 | D57: =SUM(D44:D45) -> 0 | E57: =SUM(E44:E45) -> 8.4645161 | F57: =SUM(F44:F45) -> 4.6888889 | G57: =SUM(G44:G45) -> 0 | H57: =SUM(H44:H45) -> 0 | I57: =SUM(I44:I45) -> 12.948387 | ... BS57: =SUM(BS44:BS45) -> 1.45 | BV57: =SUM(BV44:BV45) -> 6.1635105 | BX57: =SUM(BX44:BX45) -> 4.5453772 | BY57: =SUM(BY44:BY45) -> 7.4315489 | BZ57: =SUM(BZ44:BZ45) -> 5.8658427 | CB57: =SUM(CB44:CB45) -> 3.0149019 | CC57: =SUM(CC44:CC45) -> 2.857197 | CD57: =SUM(CD44:CD45) -> 9.2156554 | CF57: =SUM(CF44:CF45) -> 2.3444444 | CG57: =SUM(CG44:CG45) -> 7.883348 | CH57: =SUM(CH44:CH45) -> 11.944737 | CJ57: =SUM(CJ44:CJ45) -> 10.170072 | CK57: =SUM(CK44:CK45) -> 5.3238415 | CL57: =SUM(CL44:CL45) -> 4.5107358 | CN57: =(BX57-$BV57)/$BV57*100 -> -26.253437 | CO57: =(BY57-$BV57)/$BV57*100 -> 20.573314 | CP57: =(BZ57-$BV57)/$BV57*100 -> -4.8295172 | CR57: =(CB57-$BV57)/$BV57*100 -> -51.084663 | CS57: =(CC57-$BV57)/$BV57*100 -> -53.64335 | CT57: =(CD57-$BV57)/$BV57*100 -> 49.519587 | CV57: =(CF57-$BV57)/$BV57*100 -> -61.962514 | CW57: =(CG57-$BV57)/$BV57*100 -> 27.903538 | CX57: =(CH57-$BV57)/$BV57*100 -> 93.797633 | CZ57: =(CJ57-$BV57)/$BV57*100 -> 65.004534 | DA57: =(CK57-$BV57)/$BV57*100 -> -13.623226 | DB57: =(CL57-$BV57)/$BV57*100 -> -26.815477 | DD57: =BX57 -> 4.5453772 | DE57: =BY57 -> 7.4315489 | DF57: =BZ57 -> 5.8658427 | DH57: =(CB57-$DD57)/$DD57*100 -> -33.671029 | DI57: =(CC57-$DD57)/$DD57*100 -> -37.140597 | DJ57: =(CD57-$DD57)/$DD57*100 -> 102.74787 | DL57: =(CF57-$DE57)/$DE57*100 -> -68.452815 | DM57: =(CG57-$DE57)/$DE57*100 -> 6.0794743 | DN57: =(CH57-$DE57)/$DE57*100 -> 60.730121 | DP57: =(CJ57-$DF57)/$DF57*100 -> 73.377847 | DQ57: =(CK57-$DF57)/$DF57*100 -> -9.2399541 | DR57: =(CL57-$DF57)/$DF57*100 -> -23.101658
A58: ='data convert'!A58 -> summer | B58: =SUM(B46:B48) -> 170.08065 | C58: =SUM(C46:C48) -> 101.45914 | D58: =SUM(D46:D48) -> 101.72059 | E58: =SUM(E46:E48) -> 136.88065 | F58: =SUM(F46:F48) -> 123.03704 | G58: =SUM(G46:G48) -> 77.055882 | H58: =SUM(H46:H48) -> 121.39355 | I58: =SUM(I46:I48) -> 125.60645 | ... BS58: =SUM(BS46:BS48) -> 144.12 | BV58: =SUM(BV46:BV48) -> 108.26994 | BX58: =SUM(BX46:BX48) -> 111.9296 | BY58: =SUM(BY46:BY48) -> 128.81955 | BZ58: =SUM(BZ46:BZ48) -> 99.991846 | CB58: =SUM(CB46:CB48) -> 115.97409 | CC58: =SUM(CC46:CC48) -> 63.755019 | CD58: =SUM(CD46:CD48) -> 125.90566 | CF58: =SUM(CF46:CF48) -> 81.917382 | CG58: =SUM(CG46:CG48) -> 145.48226 | CH58: =SUM(CH46:CH48) -> 96.345807 | CJ58: =SUM(CJ46:CJ48) -> 108.39257 | CK58: =SUM(CK46:CK48) -> 84.541044 | CL58: =SUM(CL46:CL48) -> 102.08287 | CN58: =(BX58-$BV58)/$BV58*100 -> 3.3801259 | CO58: =(BY58-$BV58)/$BV58*100 -> 18.979974 | CP58: =(BZ58-$BV58)/$BV58*100 -> -7.6457926 | CR58: =(CB58-$BV58)/$BV58*100 -> 7.1156898 | CS58: =(CC58-$BV58)/$BV58*100 -> -41.114756 | CT58: =(CD58-$BV58)/$BV58*100 -> 16.288657 | CV58: =(CF58-$BV58)/$BV58*100 -> -24.339682 | CW58: =(CG58-$BV58)/$BV58*100 -> 34.369949 | CX58: =(CH58-$BV58)/$BV58*100 -> -11.013337 | CZ58: =(CJ58-$BV58)/$BV58*100 -> 0.11326121 | DA58: =(CK58-$BV58)/$BV58*100 -> -21.916422 | DB58: =(CL58-$BV58)/$BV58*100 -> -5.7144834 | DD58: =BX58 -> 111.9296 | DE58: =BY58 -> 128.81955 | DF58: =BZ58 -> 99.991846 | DH58: =(CB58-$DD58)/$DD58*100 -> 3.6134255 | DI58: =(CC58-$DD58)/$DD58*100 -> -43.040073 | DJ58: =(CD58-$DD58)/$DD58*100 -> 12.486473 | DL58: =(CF58-$DE58)/$DE58*100 -> -36.409199 | DM58: =(CG58-$DE58)/$DE58*100 -> 12.934929 | DN58: =(CH58-$DE58)/$DE58*100 -> -25.208705 | DP58: =(CJ58-$DF58)/$DF58*100 -> 8.4014081 | DQ58: =(CK58-$DF58)/$DF58*100 -> -15.452062 | DR58: =(CL58-$DF58)/$DF58*100 -> 2.0911978
A59: ='data convert'!A59 -> SWMS | B59: =SUM(B49:B52) -> 235.77419 | C59: =SUM(C49:C52) -> 380.74301 | D59: =SUM(D49:D52) -> 376.13235 | E59: =SUM(E49:E52) -> 567.54194 | F59: =SUM(F49:F52) -> 302.88148 | G59: =SUM(G49:G52) -> 344.07941 | H59: =SUM(H49:H52) -> 160.99355 | I59: =SUM(I49:I52) -> 335.30323 | ... BS59: =SUM(BS49:BS52) -> 661.16 | BV59: =SUM(BV49:BV52) -> 369.68281 | BX59: =SUM(BX49:BX52) -> 378.79143 | BY59: =SUM(BY49:BY52) -> 381.37577 | BZ59: =SUM(BZ49:BZ52) -> 362.63399 | CB59: =SUM(CB49:CB52) -> 386.29376 | CC59: =SUM(CC49:CC52) -> 323.33874 | CD59: =SUM(CD49:CD52) -> 387.76196 | CF59: =SUM(CF49:CF52) -> 363.84642 | CG59: =SUM(CG49:CG52) -> 419.5418 | CH59: =SUM(CH49:CH52) -> 327.09778 | CJ59: =SUM(CJ49:CJ52) -> 407.43933 | CK59: =SUM(CK49:CK52) -> 361.90984 | CL59: =SUM(CL49:CL52) -> 335.69818 | CN59: =(BX59-$BV59)/$BV59*100 -> 2.4639016 | CO59: =(BY59-$BV59)/$BV59*100 -> 3.162971 | CP59: =(BZ59-$BV59)/$BV59*100 -> -1.9067205 | CR59: =(CB59-$BV59)/$BV59*100 -> 4.4932971 | CS59: =(CC59-$BV59)/$BV59*100 -> -12.536171 | CT59: =(CD59-$BV59)/$BV59*100 -> 4.890449 | CV59: =(CF59-$BV59)/$BV59*100 -> -1.5787561 | CW59: =(CG59-$BV59)/$BV59*100 -> 13.486964 | CX59: =(CH59-$BV59)/$BV59*100 -> -11.519343 | CZ59: =(CJ59-$BV59)/$BV59*100 -> 10.213219 | DA59: =(CK59-$BV59)/$BV59*100 -> -2.1026067 | DB59: =(CL59-$BV59)/$BV59*100 -> -9.1929168 | DD59: =BX59 -> 378.79143 | DE59: =BY59 -> 381.37577 | DF59: =BZ59 -> 362.63399 | DH59: =(CB59-$DD59)/$DD59*100 -> 1.9805956 | DI59: =(CC59-$DD59)/$DD59*100 -> -14.639373 | DJ59: =(CD59-$DD59)/$DD59*100 -> 2.3681974 | DL59: =(CF59-$DE59)/$DE59*100 -> -4.596346 | DM59: =(CG59-$DE59)/$DE59*100 -> 10.00746 | DN59: =(CH59-$DE59)/$DE59*100 -> -14.232155 | DP59: =(CJ59-$DF59)/$DF59*100 -> 12.355525 | DQ59: =(CK59-$DF59)/$DF59*100 -> -0.19969385 | DR59: =(CL59-$DF59)/$DF59*100 -> -7.4278242
A60: ='data convert'!A60 -> NEMS | B60: =SUM(B53:B55) -> 95.635484 | C60: =SUM(C53:C55) -> 197.82151 | D60: =SUM(D53:D55) -> 332.64412 | E60: =SUM(E53:E55) -> 320.52903 | F60: =SUM(F53:F55) -> 115.97037 | G60: =SUM(G53:G55) -> 432.23529 | H60: =SUM(H53:H55) -> 170.43548 | I60: =SUM(I53:I55) -> 196.89677 | ... BS60: =SUM(BS53:BS55) -> 444.19 | BV60: =SUM(BV53:BV55) -> 210.76066 | BX60: =SUM(BX53:BX55) -> 195.40633 | BY60: =SUM(BY53:BY55) -> 232.08725 | BZ60: =SUM(BZ53:BZ55) -> 211.797 | CB60: =SUM(CB53:CB55) -> 182.96908 | CC60: =SUM(CC53:CC55) -> 216.86874 | CD60: =SUM(CD53:CD55) -> 215.76827 | CF60: =SUM(CF53:CF55) -> 100.45905 | CG60: =SUM(CG53:CG55) -> 278.8567 | CH60: =SUM(CH53:CH55) -> 225.01497 | CJ60: =SUM(CJ53:CJ55) -> 221.64243 | CK60: =SUM(CK53:CK55) -> 183.1305 | CL60: =SUM(CL53:CL55) -> 223.42861 | CN60: =(BX60-$BV60)/$BV60*100 -> -7.285195 | CO60: =(BY60-$BV60)/$BV60*100 -> 10.118868 | CP60: =(BZ60-$BV60)/$BV60*100 -> 0.49171452 | CR60: =(CB60-$BV60)/$BV60*100 -> -13.186323 | CS60: =(CC60-$BV60)/$BV60*100 -> 2.8981122 | CT60: =(CD60-$BV60)/$BV60*100 -> 2.375971 | CV60: =(CF60-$BV60)/$BV60*100 -> -52.335009 | CW60: =(CG60-$BV60)/$BV60*100 -> 32.309654 | CX60: =(CH60-$BV60)/$BV60*100 -> 6.7632697 | CZ60: =(CJ60-$BV60)/$BV60*100 -> 5.1630944 | DA60: =(CK60-$BV60)/$BV60*100 -> -13.109733 | DB60: =(CL60-$BV60)/$BV60*100 -> 6.0105874 | DD60: =BX60 -> 195.40633 | DE60: =BY60 -> 232.08725 | DF60: =BZ60 -> 211.797 | DH60: =(CB60-$DD60)/$DD60*100 -> -6.3648172 | DI60: =(CC60-$DD60)/$DD60*100 -> 10.983475 | DJ60: =(CD60-$DD60)/$DD60*100 -> 10.420306 | DL60: =(CF60-$DE60)/$DE60*100 -> -56.714965 | DM60: =(CG60-$DE60)/$DE60*100 -> 20.151665 | DN60: =(CH60-$DE60)/$DE60*100 -> -3.0472514 | DP60: =(CJ60-$DF60)/$DF60*100 -> 4.6485225 | DQ60: =(CK60-$DF60)/$DF60*100 -> -13.534894 | DR60: =(CL60-$DF60)/$DF60*100 -> 5.4918685
A62: ='data convert'!A62 -> Tumkur | B62: TUMAKURU | BX62: Normal RF of events | CB62: El Niño | CF62: La Niña | CJ62: Neutral | CR62: El Niño | CV62: La Niña | CZ62: Neutral | DE62: Normal copyed | DH62: El Niño | DL62: La Niña | DP62: Neutral
A63: ='data convert'!A63 -> Year | B63: 1951 | C63: 1952 | D63: 1953 | E63: 1954 | F63: 1955 | G63: 1956 | H63: 1957 | I63: 1958 | J63: 1959 | K63: 1960 | L63: 1961 | M63: 1962 | N63: 1963 | O63: 1964 | P63: 1965 | Q63: 1966 | R63: 1967 | S63: 1968 | T63: 1969 | U63: 1970 | V63: 1971 | W63: 1972 | X63: 1973 | Y63: 1974 | Z63: 1975 | AA63: 1976 | AB63: 1977 | AC63: 1978 | AD63: 1979 | AE63: 1980 | AF63: 1981 | AG63: 1982 | AH63: 1983 | AI63: 1984 | AJ63: 1985 | AK63: 1986 | AL63: 1987 | AM63: 1988 | AN63: 1989 | AO63: 1990 | AP63: 1991 | AQ63: 1992 | AR63: 1993 | AS63: 1994 | AT63: 1995 | AU63: 1996 | AV63: 1997 | AW63: 1998 | AX63: 1999 | AY63: 2000 | AZ63: 2001 | BA63: 2002 | BB63: 2003 | BC63: 2004 | BD63: 2005 | BE63: 2006 | BF63: 2007 | BG63: 2008 | BH63: 2009 | BI63: 2010 | BJ63: 2011 | BK63: 2012 | BL63: 2013 | BM63: 2014 | BN63: 2015 | BO63: 2016 | BP63: 2017 | BQ63: 2018 | BR63: 2019 | BS63: 2020 | BV63: Normal | BX63: El Niño | BY63: La Niña | BZ63: Neutral | CB63: el PIOD | CC63: el NIOD | CD63: el NUIOD | CF63: la PIOD | CG63: la NIOD | CH63: la NUIOD | CJ63: Nu PIOD | CK63: Nu NIOD | CL63: Nu NUIOD | CN63: El Niño | CO63: La Niña | CP63: Neutral | CR63: el PIOD | CS63: el NIOD | CT63: el NUIOD | CV63: la PIOD | CW63: la NIOD | CX63: la NUIOD | CZ63: Nu PIOD | DA63: Nu NIOD | DB63: Nu NUIOD | DD63: El Niño | DE63: La Niña | DF63: Neutral | DH63: el PIOD | DI63: el NIOD | DJ63: el NUIOD | DL63: la PIOD | DM63: la NIOD | DN63: la NUIOD | DP63: Nu PIOD | DQ63: Nu NIOD | DR63: Nu NUIOD
A64: ='data convert'!A64 -> Jan | B64: ='data convert'!B64 -> 0 | C64: ='data convert'!C64 -> 0 | D64: ='data convert'!D64 -> 0.09047619 | E64: ='data convert'!E64 -> 0.97954545 | F64: ='data convert'!F64 -> 0 | G64: ='data convert'!G64 -> 0 | H64: ='data convert'!H64 -> 0.54418605 | ... BS64: ='data convert'!BS64 -> 0.04 | BV64: =AVERAGE(B64:BS64) -> 2.1020054 | BX64: =AVERAGE(I64,Q64,X64,AC64,AE64,AH64,AL64,AM64,AQ64,AT64,AW64,BB64,BF64,BI64,BN64,BO64) -> 1.895459 | BY64: =AVERAGE(B64,F64,G64,M64,V64,Y64,AA64,AN64,AX64,AY64,BG64,BJ64,BK64,BP64,BS64) -> 0.43504762 | BZ64: =AVERAGE(C64,D64,E64,H64,K64,L64,N64,O64,P64,R64,S64,T64,U64,W64,Z64,AB64,AD64,AF64,AG64,AI64,AJ64,AK64,AO64,AP64,AR64,AS64,AU64,AV64,AZ64,BA64,BC64,BD64,BE64,BH64,BL64,BM64,BQ64,BR64) -> 2.9022979 | CB64: =AVERAGE(I64,X64,AE64,AH64,AQ64,AT64,AW64,BF64,BI64,BO64) -> 1.9538355 | CC64: =AVERAGE(AC64,AL64) -> 0.73531073 | CD64: =AVERAGE(Q64,AM64,BB64,BN64) -> 2.3295918 | CF64: =AVERAGE(F64,AN64) -> 0 | CG64: =AVERAGE(G64,M64,V64,Y64,AX64,BG64,BJ64,BP64,BS64) -> 0.72507937 | CH64: =AVERAGE(AA64,AY64,BK64) -> 0 | CJ64: =AVERAGE(C64,L64,O64,R64,AB64,AK64,AZ64,BC64,BL64,BR64) -> 1.795625 | CK64: =AVERAGE(D64,J64,P64,S64,AF64,AI64,AO64,AR64,AU64,BA64,BD64,BM64) -> 1.5783392 | CL64: =AVERAGE(E64,H64,K64,N64,T64,W64,Z64,AD64,AG64,AJ64,AP64,AS64,AV64,BE64,BH64,BQ64) -> 4.5039634 | CN64: =(BX64-$BV64)/$BV64*100 -> -9.8261616 | CO64: =(BY64-$BV64)/$BV64*100 -> -79.303211 | CP64: =(BZ64-$BV64)/$BV64*100 -> 38.072809 | CR64: =(CB64-$BV64)/$BV64*100 -> -7.0489805 | CS64: =(CC64-$BV64)/$BV64*100 -> -65.018609 | CT64: =(CD64-$BV64)/$BV64*100 -> 10.827109 | CV64: =(CF64-$BV64)/$BV64*100 -> -100 | CW64: =(CG64-$BV64)/$BV64*100 -> -65.505352 | CX64: =(CH64-$BV64)/$BV64*100 -> -100 | CZ64: =(CJ64-$BV64)/$BV64*100 -> -14.575623 | DA64: =(CK64-$BV64)/$BV64*100 -> -24.912695 | DB64: =(CL64-$BV64)/$BV64*100 -> 114.26983 | DD64: =BX64 -> 1.895459 | DE64: =BY64 -> 0.43504762 | DF64: =BZ64 -> 2.9022979 | DH64: =(CB64-$DD64)/$DD64*100 -> 3.079808 | DI64: =(CC64-$DD64)/$DD64*100 -> -61.206718 | DJ64: =(CD64-$DD64)/$DD64*100 -> 22.903839 | DL64: =(CF64-$DE64)/$DE64*100 -> -100 | DM64: =(CG64-$DE64)/$DE64*100 -> 66.666667 | DN64: =(CH64-$DE64)/$DE64*100 -> -100 | DP64: =(CJ64-$DF64)/$DF64*100 -> -38.13092 | DQ64: =(CK64-$DF64)/$DF64*100 -> -45.617602 | DR64: =(CL64-$DF64)/$DF64*100 -> 55.186114
